id,Demand
0,589.2189
1,179.17972
2,190.35164
3,159.95012
4,166.0761
5,163.97607
6,137.0347
7,133.35085
8,126.69071
9,42.08101
10,29.425705
11,78.192764
12,85.667336
13,86.29799
14,52.0251
15,153.07355
16,77.81668
17,126.6595
18,123.6228
19,103.823814
20,100.78959
21,75.52921
22,563.37976
23,830.3731
24,751.53033
25,886.5636
26,667.48914
27,691.80286
28,1809.8464
29,592.3638
30,451.784
31,353.0822
32,430.0008
33,552.23083
34,482.33728
35,318.52527
36,255.71745
37,219.39008
38,186.5706
39,274.4451
40,294.97754
41,296.30176
42,189.55101
43,384.56622
44,298.1419
45,522.35913
46,408.11707
47,277.65103
48,342.657
49,286.87653
50,1410.1572
51,1584.8196
52,1502.1948
53,1695.3606
54,1412.6464
55,1555.5026
56,1039.6602
57,253.17252
58,287.87482
59,242.15634
60,250.23677
61,258.28857
62,287.09253
63,227.01093
64,133.84114
65,95.51657
66,99.93018
67,97.00425
68,152.91516
69,122.5748
70,89.73928
71,131.48013
72,167.68999
73,201.70259
74,214.53412
75,161.04375
76,159.76187
77,143.73721
78,801.06384
79,1088.6827
80,1077.865
81,1174.1583
82,982.79456
83,1165.843
84,1493.651
85,471.73712
86,289.72916
87,287.1281
88,339.49268
89,369.34692
90,322.15033
91,310.11707
92,144.09305
93,98.32386
94,146.23917
95,155.26616
96,177.58359
97,184.98515
98,124.03828
99,274.8989
100,194.14911
101,275.82318
102,198.7374
103,185.32483
104,172.58037
105,163.07979
106,1679.0629
107,1554.5562
108,1653.8496
109,1627.3514
110,1418.1947
111,1476.7397
112,1703.0205
113,444.52762
114,430.92236
115,300.63693
116,341.96518
117,495.16516
118,479.29596
119,278.47018
120,205.4925
121,194.21156
122,165.2765
123,288.30353
124,202.20416
125,212.47345
126,183.91855
127,215.0367
128,255.07715
129,277.93008
130,279.4584
131,240.09937
132,238.15941
133,223.6107
134,1441.6792
135,1619.6155
136,1604.5505
137,1690.3011
138,1295.9349
139,1480.757
140,1256.8561
141,382.42206
142,359.60028
143,354.8548
144,337.3434
145,413.4132
146,408.38943
147,375.4605
148,260.0276
149,210.15517
150,213.7564
151,280.8404
152,277.3218
153,203.67647
154,178.49803
155,287.1191
156,296.97253
157,252.2357
158,277.7503
159,241.23273
160,248.80705
161,205.98326
162,935.1277
163,1520.4343
164,1326.5939
165,1630.3889
166,1413.4617
167,1454.5049
168,769.35095
169,251.01938
170,231.48918
171,202.67926
172,212.01746
173,239.16037
174,209.70522
175,210.82004
176,199.52069
177,98.03429
178,117.22981
179,135.79962
180,169.67433
181,179.78331
182,119.56654
183,211.11751
184,220.46942
185,187.86043
186,262.8618
187,193.14056
188,162.87622
189,127.30542
190,683.3146
191,830.6744
192,900.6143
193,1213.903
194,853.203
195,1047.3466
196,1260.4934
197,404.09357
198,422.7782
199,379.68677
200,321.32477
201,386.38736
202,344.54807
203,276.9659
204,193.16344
205,203.89236
206,199.60132
207,215.13359
208,230.13373
209,256.54694
210,168.19154
211,417.3978
212,322.5642
213,406.8969
214,356.1863
215,224.13072
216,197.46011
217,196.43927
218,1018.6188
219,1573.4419
220,1755.0006
221,1778.3794
222,1409.6101
223,1547.185
224,1448.1436
225,352.30875
226,409.93002
227,379.67902
228,452.69604
229,401.89392
230,444.11182
231,249.83322
232,240.95898
233,188.53586
234,220.40607
235,259.5728
236,234.55739
237,286.5598
238,206.41104
239,327.36896
240,324.0563
241,314.5942
242,330.09247
243,284.73425
244,251.01201
245,191.24117
246,1266.8604
247,1649.8898
248,1606.4312
249,1699.6615
250,1519.4949
251,1502.8767
252,424.1065
253,169.36145
254,154.0303
255,156.15523
256,147.07797
257,155.52171
258,151.66856
259,161.45795
260,127.5071
261,88.52943
262,65.86303
263,82.91257
264,85.98331
265,86.56441
266,82.2813
267,132.06491
268,103.31989
269,110.286415
270,123.844025
271,117.21323
272,106.54555
273,92.049805
274,354.0052
275,537.7901
276,547.3321
277,620.90857
278,473.80896
279,455.32056
280,586.5093
281,211.65384
282,145.14795
283,113.81884
284,112.18328
285,113.63745
286,100.63396
287,116.549934
288,92.56427
289,31.34311
290,30.077454
291,76.38279
292,24.714493
293,52.49547
294,46.05214
295,90.72628
296,107.29512
297,79.91169
298,101.66801
299,98.51843
300,63.744858
301,65.18495
302,468.39166
303,823.76764
304,922.896
305,827.0894
306,764.9328
307,756.6859
308,383.1178
309,153.33025
310,129.45236
311,130.97276
312,121.03643
313,119.173164
314,117.96147
315,119.147995
316,110.253716
317,63.423492
318,81.72961
319,91.0502
320,81.4317
321,81.227776
322,74.638664
323,123.18524
324,109.75311
325,99.781006
326,118.76152
327,109.47629
328,92.96492
329,69.350044
330,317.80145
331,442.0553
332,425.75836
333,603.9053
334,421.8366
335,439.1092
336,1187.1089
337,303.00436
338,361.67438
339,271.35406
340,290.60123
341,368.57092
342,366.25516
343,297.9594
344,215.64062
345,176.12996
346,147.38107
347,163.60417
348,175.8571
349,170.29918
350,150.89648
351,226.23282
352,218.30304
353,344.0011
354,262.02606
355,195.40056
356,174.62982
357,188.60237
358,1183.756
359,1486.6852
360,1433.237
361,1480.4818
362,1166.5452
363,1252.654
364,296.075
365,78.369
366,63.640137
367,56.889114
368,57.97351
369,46.334457
370,57.445633
371,53.35524
372,58.274902
373,16.708145
374,19.934921
375,31.687668
376,13.294647
377,28.369904
378,25.43901
379,32.881073
380,24.0764
381,29.206024
382,43.43338
383,28.614105
384,20.095474
385,35.008453
386,236.363
387,281.94348
388,318.50433
389,320.6372
390,271.89374
391,261.9942
392,1557.5833
393,442.42725
394,376.71207
395,308.21326
396,343.2021
397,386.93106
398,472.91827
399,352.4062
400,239.69385
401,194.58691
402,176.9949
403,240.92715
404,295.6316
405,239.34752
406,192.98749
407,323.03638
408,386.97714
409,266.78506
410,320.81525
411,282.239
412,265.26355
413,230.65561
414,1670.8469
415,1799.9542
416,1329.3909
417,1713.4587
418,1499.6155
419,1591.9591
420,1314.0135
421,454.27618
422,327.6032
423,390.15955
424,411.0211
425,314.99847
426,412.03223
427,364.33215
428,368.9298
429,168.16249
430,210.3554
431,292.26425
432,341.37164
433,213.6591
434,159.98268
435,369.95697
436,342.52942
437,418.65167
438,375.49097
439,315.26993
440,284.34573
441,206.63066
442,1159.4144
443,1510.6617
444,1808.6068
445,1692.4714
446,1450.8705
447,1613.7844
448,538.16473
449,181.24988
450,146.25694
451,143.9475
452,130.77231
453,164.51688
454,154.25687
455,142.07288
456,148.08508
457,81.614044
458,97.62849
459,105.69092
460,113.402084
461,108.368744
462,114.259254
463,146.73724
464,139.19067
465,158.15189
466,169.33229
467,151.81993
468,164.42392
469,111.51471
470,458.5993
471,550.72876
472,645.21716
473,708.369
474,536.246
475,592.0356
476,277.56177
477,100.616264
478,84.801445
479,92.75098
480,92.81573
481,89.95309
482,95.95764
483,107.655045
484,85.37872
485,63.453384
486,72.55437
487,94.70171
488,93.89397
489,69.17404
490,86.473076
491,83.54708
492,93.18343
493,80.3645
494,110.66909
495,80.95114
496,76.91414
497,80.76654
498,284.2905
499,355.03946
500,333.10834
501,497.9798
502,359.38702
503,340.24878
504,692.26385
505,203.45348
506,215.6653
507,196.05067
508,171.23769
509,171.4188
510,172.68141
511,195.6623
512,147.61948
513,79.681046
514,90.40437
515,103.538086
516,118.38016
517,90.38397
518,83.59988
519,153.35036
520,170.72919
521,124.03069
522,177.42441
523,134.50075
524,137.93896
525,119.65611
526,1265.7421
527,1807.8716
528,1272.1307
529,1313.6173
530,964.5361
531,917.76764
532,909.51556
533,232.74974
534,218.97871
535,211.98824
536,187.18156
537,197.89365
538,206.73422
539,227.37466
540,132.5549
541,90.18328
542,108.2938
543,125.733284
544,127.43849
545,130.9828
546,81.103584
547,157.53073
548,148.3745
549,143.93936
550,193.87163
551,186.81424
552,138.05124
553,116.472466
554,796.9431
555,1224.1481
556,1487.3824
557,1448.7727
558,1035.2723
559,1240.5609
560,356.2249
561,122.380775
562,72.19177
563,92.27888
564,79.01252
565,89.680176
566,90.76692
567,91.70563
568,83.03181
569,61.80156
570,54.951385
571,78.02303
572,39.135315
573,55.461487
574,63.05156
575,75.82654
576,66.4714
577,73.14839
578,90.26632
579,79.45715
580,68.415596
581,72.17272
582,319.91397
583,422.4525
584,431.85846
585,524.2434
586,423.89212
587,421.24982
588,228.19507
589,88.61105
590,83.11369
591,81.40548
592,78.02729
593,75.098625
594,76.67654
595,74.890915
596,68.036255
597,61.549988
598,67.06318
599,66.56645
600,60.72345
601,54.923416
602,71.27587
603,72.64245
604,69.78066
605,77.12894
606,67.35649
607,69.17137
608,51.939026
609,49.782852
610,175.43695
611,209.35297
612,191.20303
613,215.36072
614,207.08958
615,228.72878
616,577.6809
617,172.13132
618,179.26431
619,158.52484
620,149.13335
621,171.73871
622,175.23154
623,151.31812
624,134.46068
625,60.26036
626,76.23196
627,87.846596
628,91.36217
629,106.6707
630,74.20015
631,127.749176
632,114.65215
633,143.94667
634,185.8762
635,115.619385
636,103.87972
637,81.680084
638,452.20166
639,709.4603
640,668.36273
641,816.67804
642,619.5066
643,580.67316
644,1910.1206
645,713.91364
646,706.7444
647,422.27985
648,413.15762
649,592.6424
650,542.57056
651,390.9325
652,195.18353
653,265.70648
654,313.9809
655,339.0753
656,344.07135
657,271.3427
658,220.39888
659,356.71344
660,361.4324
661,399.81165
662,368.81458
663,384.35703
664,399.59943
665,322.09668
666,1732.3129
667,1663.5978
668,1670.4482
669,1828.0657
670,1750.861
671,1405.4303
672,508.6314
673,138.40372
674,132.6537
675,125.193954
676,114.546616
677,128.37451
678,125.60643
679,128.78107
680,103.04356
681,26.800842
682,21.946884
683,60.559647
684,57.665512
685,66.52898
686,56.202255
687,105.62467
688,102.52172
689,99.61458
690,92.76867
691,104.47381
692,106.27339
693,61.544327
694,485.64893
695,625.46906
696,829.43994
697,853.7717
698,648.6051
699,724.15936
700,1543.8071
701,444.2497
702,442.4831
703,285.6422
704,422.37695
705,422.04254
706,432.93988
707,376.7626
708,240.67163
709,246.66835
710,214.19243
711,255.92825
712,214.55673
713,220.0787
714,177.6675
715,256.9228
716,337.25903
717,402.4768
718,390.07587
719,292.81375
720,202.31738
721,199.78343
722,1054.9114
723,1799.6741
724,1428.9917
725,1615.7372
726,1358.8076
727,1628.4073
728,325.87054
729,89.36668
730,78.0566
731,71.86555
732,74.73324
733,78.85493
734,78.99142
735,80.410645
736,74.474945
737,39.896255
738,52.23912
739,65.81746
740,51.188263
741,52.323135
742,56.8779
743,62.017365
744,66.66527
745,68.30703
746,69.970634
747,69.53206
748,56.268555
749,53.772583
750,268.05853
751,300.4496
752,294.2032
753,333.07776
754,317.57553
755,256.6378
756,696.4368
757,198.54897
758,181.69247
759,193.86787
760,155.72037
761,170.62845
762,202.996
763,178.47296
764,158.54822
765,51.4377
766,107.935776
767,111.69905
768,101.51783
769,92.98804
770,112.19682
771,165.24173
772,126.78909
773,147.50652
774,144.64299
775,141.92664
776,136.61186
777,122.08186
778,611.3797
779,678.5997
780,823.2335
781,932.0962
782,719.3378
783,714.6644
784,1211.4569
785,394.12415
786,342.6347
787,411.11047
788,352.69522
789,410.66614
790,380.90942
791,364.06473
792,243.762
793,239.21732
794,259.634
795,259.51486
796,286.30408
797,276.01672
798,230.66118
799,369.70697
800,388.95093
801,455.82593
802,388.7643
803,303.78317
804,280.2803
805,232.24425
806,2080.3088
807,1910.9371
808,1806.7919
809,1999.386
810,1528.6508
811,1544.5857
812,310.28015
813,104.27029
814,99.87768
815,92.83398
816,75.96021
817,98.3293
818,96.18234
819,88.64099
820,87.25336
821,63.673157
822,66.78595
823,65.20745
824,73.46463
825,83.88537
826,72.33252
827,73.9681
828,81.823265
829,85.515854
830,95.013466
831,90.29741
832,83.07427
833,65.42242
834,255.0618
835,369.21445
836,428.57422
837,421.45038
838,390.85812
839,371.46027
840,340.61227
841,147.12254
842,133.53699
843,123.848206
844,138.86755
845,133.75177
846,135.64282
847,135.623
848,114.12209
849,73.66127
850,88.71656
851,80.82745
852,77.727684
853,81.25329
854,85.68627
855,117.79164
856,98.33675
857,103.45497
858,104.94364
859,111.1626
860,103.500465
861,92.052124
862,299.42648
863,405.42316
864,443.48633
865,491.2478
866,401.70712
867,421.40598
868,590.6048
869,178.8091
870,150.06195
871,154.0762
872,136.51274
873,141.05328
874,154.65533
875,151.10535
876,104.467064
877,54.675674
878,80.03711
879,92.89803
880,80.59913
881,100.182304
882,95.861404
883,131.08554
884,164.35721
885,148.50073
886,190.88545
887,141.93753
888,105.6941
889,84.729546
890,802.09344
891,1180.6735
892,868.29663
893,1379.2174
894,1029.5238
895,920.52924
896,1151.2487
897,336.7962
898,341.27585
899,298.82074
900,295.48718
901,356.0152
902,356.9821
903,271.96863
904,184.1404
905,156.50366
906,146.92331
907,176.62825
908,172.59525
909,151.85939
910,155.65596
911,188.22865
912,178.16908
913,277.96167
914,261.81247
915,231.15231
916,182.64566
917,187.64494
918,1129.0624
919,1369.6599
920,1546.7577
921,1633.8418
922,1550.4763
923,1464.2769
924,1927.8452
925,778.9802
926,707.6961
927,607.95026
928,512.26483
929,715.93414
930,616.9668
931,454.26227
932,260.76624
933,472.82843
934,462.3471
935,489.96118
936,737.2854
937,632.10895
938,193.62866
939,533.90906
940,669.96576
941,755.2069
942,859.94556
943,872.85394
944,645.72534
945,532.5327
946,2117.9463
947,1876.6285
948,1743.6709
949,1803.771
950,1327.642
951,1664.7673
952,675.3454
953,178.8017
954,171.37822
955,117.8655
956,119.75099
957,116.220184
958,132.57332
959,119.2139
960,112.69716
961,46.12599
962,38.8627
963,53.084656
964,96.807335
965,60.292633
966,82.08763
967,126.04649
968,146.82571
969,153.50581
970,177.18971
971,129.12251
972,126.12037
973,85.64502
974,808.5753
975,1127.3804
976,960.8701
977,1931.4225
978,1040.3153
979,1025.0016
980,1046.2709
981,278.46252
982,231.16124
983,237.28824
984,247.1351
985,297.84772
986,292.235
987,222.51915
988,152.39731
989,91.52072
990,111.42988
991,123.393394
992,167.95853
993,126.19082
994,88.32421
995,190.57646
996,266.50027
997,203.82489
998,205.20512
999,200.28299
1000,165.35927
1001,139.90176
1002,820.85596
1003,1174.8923
1004,1312.1512
1005,1244.0522
1006,944.1644
1007,1240.2949
1008,1242.9156
1009,297.3424
1010,270.121
1011,218.76682
1012,278.34583
1013,336.62628
1014,309.60727
1015,220.6961
1016,148.88068
1017,127.0116
1018,113.007996
1019,145.79819
1020,241.07281
1021,149.84807
1022,114.081764
1023,221.14308
1024,250.50519
1025,187.38167
1026,237.12961
1027,193.78822
1028,165.4672
1029,160.10829
1030,1515.2347
1031,1938.2806
1032,1450.5323
1033,1797.6389
1034,1547.3555
1035,1553.61
1036,1113.4786
1037,314.00586
1038,316.29788
1039,232.00148
1040,223.1928
1041,360.9246
1042,352.76562
1043,236.4878
1044,172.25194
1045,138.92575
1046,135.11441
1047,157.99406
1048,219.22897
1049,168.46916
1050,132.80518
1051,228.4866
1052,212.88963
1053,222.29657
1054,253.25381
1055,234.99786
1056,191.28339
1057,174.98473
1058,989.29675
1059,1449.5323
1060,1190.9506
1061,1679.8151
1062,1439.9595
1063,1483.2499
1064,1769.4653
1065,282.87567
1066,387.3473
1067,383.72937
1068,362.93408
1069,462.3188
1070,461.71057
1071,313.4418
1072,180.85695
1073,183.15216
1074,207.1016
1075,216.98627
1076,232.17091
1077,216.31174
1078,134.77498
1079,252.47314
1080,301.99017
1081,288.72855
1082,263.03235
1083,234.77687
1084,236.9721
1085,219.18193
1086,2103.3813
1087,1892.7415
1088,1869.8734
1089,1444.2262
1090,1515.1471
1091,1503.691
1092,1859.099
1093,594.91235
1094,416.59015
1095,272.0395
1096,349.65143
1097,396.56677
1098,412.77216
1099,257.55908
1100,155.63779
1101,158.14053
1102,159.335
1103,216.57744
1104,209.71286
1105,194.26428
1106,119.51699
1107,236.6551
1108,272.35522
1109,212.99738
1110,297.94934
1111,315.03406
1112,176.91882
1113,187.01196
1114,1074.9393
1115,1905.1055
1116,1836.1538
1117,1693.8806
1118,1845.3696
1119,1352.6174
1120,707.9307
1121,163.81247
1122,148.64032
1123,118.73651
1124,162.48077
1125,131.38795
1126,113.63874
1127,117.773415
1128,116.49558
1129,32.659607
1130,53.266235
1131,73.21838
1132,39.45813
1133,94.29278
1134,69.07851
1135,111.95251
1136,127.245964
1137,149.35252
1138,161.13705
1139,139.85924
1140,112.343025
1141,114.65237
1142,704.04126
1143,1100.7429
1144,943.2325
1145,1106.948
1146,801.8674
1147,860.71735
1148,1314.2963
1149,385.74957
1150,379.50833
1151,291.29843
1152,411.93298
1153,349.6432
1154,338.29623
1155,296.6241
1156,211.92596
1157,134.37048
1158,166.37306
1159,185.14818
1160,286.18323
1161,217.91946
1162,185.59602
1163,265.7194
1164,349.19992
1165,398.51105
1166,362.9256
1167,282.36914
1168,273.1365
1169,255.90598
1170,1084.5116
1171,1705.4486
1172,1754.6763
1173,1786.8712
1174,1666.0002
1175,1850.515
1176,1006.28796
1177,295.74493
1178,289.33026
1179,224.08745
1180,311.0733
1181,265.5023
1182,302.35748
1183,238.55273
1184,165.752
1185,111.51729
1186,121.44227
1187,127.569595
1188,160.42444
1189,148.83261
1190,122.69786
1191,208.94608
1192,200.94788
1193,245.35458
1194,245.47878
1195,184.09099
1196,187.74199
1197,158.40533
1198,984.8582
1199,1594.2664
1200,1727.1227
1201,1624.3423
1202,1447.2928
1203,1494.9507
1204,924.28
1205,236.7179
1206,216.57652
1207,133.8855
1208,181.92075
1209,197.67757
1210,207.98528
1211,140.41388
1212,126.82703
1213,68.17109
1214,69.95343
1215,87.00824
1216,92.79959
1217,78.50414
1218,73.577675
1219,138.30237
1220,119.49867
1221,144.15793
1222,199.65219
1223,126.57968
1224,133.25195
1225,112.880585
1226,753.27734
1227,1188.1979
1228,1113.4489
1229,1146.2628
1230,941.41486
1231,905.0265
1232,1706.8083
1233,553.5442
1234,426.70026
1235,267.90515
1236,419.79486
1237,487.30756
1238,431.208
1239,313.04913
1240,244.00514
1241,210.11424
1242,186.39632
1243,245.03868
1244,336.71878
1245,278.0371
1246,191.16026
1247,412.6195
1248,363.2364
1249,436.2544
1250,437.55832
1251,350.47937
1252,357.3784
1253,221.40356
1254,1245.733
1255,1440.1711
1256,1496.7175
1257,1550.5083
1258,1715.368
1259,1456.0696
1260,1431.146
1261,354.12115
1262,304.60684
1263,264.8481
1264,321.59586
1265,339.73383
1266,345.88425
1267,273.28107
1268,246.59988
1269,167.84526
1270,153.69588
1271,191.26547
1272,270.01135
1273,177.77745
1274,129.7673
1275,362.20285
1276,329.46448
1277,355.01343
1278,367.10968
1279,239.18254
1280,238.14412
1281,229.65915
1282,1481.9072
1283,1911.8649
1284,1982.3381
1285,1917.1952
1286,1701.0984
1287,1771.0923
1288,1354.9663
1289,371.68115
1290,318.2859
1291,309.73505
1292,421.92188
1293,403.79828
1294,367.1466
1295,401.40686
1296,259.05707
1297,211.67781
1298,218.55939
1299,191.43852
1300,234.4497
1301,226.73999
1302,199.85004
1303,329.72504
1304,255.36742
1305,325.93817
1306,373.92673
1307,291.415
1308,319.41632
1309,227.13504
1310,1098.7926
1311,1556.094
1312,1560.874
1313,1681.4454
1314,1616.4972
1315,1465.1385
1316,1824.3077
1317,642.1749
1318,475.14478
1319,374.64386
1320,369.35654
1321,457.38617
1322,432.7401
1323,329.9832
1324,194.58545
1325,207.57428
1326,190.99747
1327,234.74432
1328,316.71027
1329,212.8977
1330,195.7057
1331,268.34537
1332,291.7619
1333,425.8698
1334,413.7603
1335,365.56662
1336,311.24832
1337,256.76926
1338,2203.177
1339,1841.1505
1340,1945.5253
1341,2195.3062
1342,1883.6108
1343,1778.4379
1344,675.57214
1345,204.41972
1346,188.68993
1347,174.84984
1348,179.8739
1349,187.60236
1350,172.60378
1351,193.3731
1352,138.40625
1353,69.99738
1354,77.35501
1355,101.23644
1356,108.78286
1357,101.968
1358,94.43954
1359,107.22237
1360,116.24991
1361,130.9933
1362,157.20746
1363,118.14773
1364,121.585304
1365,108.437996
1366,688.6542
1367,893.0244
1368,810.3848
1369,1179.3834
1370,851.0771
1371,921.49817
1372,376.49573
1373,137.62698
1374,118.56098
1375,91.537094
1376,87.085815
1377,121.848015
1378,93.83292
1379,88.842926
1380,72.82385
1381,22.407913
1382,16.748703
1383,30.736343
1384,20.414307
1385,45.163834
1386,29.929306
1387,58.108063
1388,93.18678
1389,75.93565
1390,83.667946
1391,69.39686
1392,62.76718
1393,39.14052
1394,406.38974
1395,539.17645
1396,570.79065
1397,695.79175
1398,515.1584
1399,560.1144
1400,1803.247
1401,721.1635
1402,723.96704
1403,524.9231
1404,487.1855
1405,741.341
1406,832.20844
1407,528.7448
1408,403.64038
1409,350.75183
1410,223.0968
1411,415.15375
1412,402.1233
1413,460.37354
1414,338.46625
1415,708.04474
1416,566.43884
1417,566.34174
1418,646.9961
1419,608.05853
1420,714.8814
1421,470.36066
1422,1439.9708
1423,2078.794
1424,1794.3785
1425,1881.3657
1426,1947.5981
1427,1798.9609
1428,1451.4623
1429,373.7069
1430,359.31247
1431,276.7479
1432,248.96579
1433,374.03882
1434,410.56635
1435,330.97485
1436,224.26358
1437,115.20831
1438,150.67186
1439,170.75723
1440,223.6994
1441,172.16624
1442,147.32298
1443,207.84328
1444,173.01889
1445,199.11635
1446,230.97119
1447,173.87341
1448,173.9886
1449,193.40439
1450,1107.9136
1451,1564.0619
1452,1277.0239
1453,1570.6257
1454,1400.2902
1455,1390.0996
1456,318.74277
1457,121.67151
1458,120.608154
1459,99.235306
1460,95.78492
1461,93.27654
1462,92.96664
1463,92.56745
1464,91.14261
1465,56.80728
1466,80.54901
1467,72.251976
1468,49.08847
1469,61.725067
1470,78.91777
1471,97.00096
1472,87.90849
1473,86.551796
1474,84.71093
1475,77.004196
1476,69.91938
1477,69.02432
1478,323.68353
1479,520.2312
1480,559.54004
1481,547.50604
1482,423.30316
1483,422.2699
1484,777.43884
1485,271.625
1486,225.26648
1487,235.63486
1488,232.87784
1489,263.50714
1490,265.9669
1491,211.14905
1492,153.16287
1493,93.18888
1494,153.02887
1495,155.63138
1496,202.83122
1497,172.25565
1498,120.61073
1499,178.07077
1500,205.84811
1501,210.21384
1502,203.20384
1503,175.3215
1504,167.3756
1505,119.71472
1506,786.92834
1507,1008.86383
1508,845.28406
1509,1317.0231
1510,990.80524
1511,995.91187
1512,1118.008
1513,293.93777
1514,290.4416
1515,249.41174
1516,178.29347
1517,328.41907
1518,332.03082
1519,193.76085
1520,200.249
1521,116.14232
1522,129.36177
1523,130.31616
1524,156.14778
1525,134.85956
1526,132.81223
1527,213.68405
1528,222.7096
1529,221.81606
1530,231.17459
1531,162.65306
1532,158.7172
1533,173.38388
1534,927.7682
1535,1272.7437
1536,1221.9388
1537,1524.0132
1538,1194.0845
1539,1250.6979
1540,543.92584
1541,167.29695
1542,165.99721
1543,155.71349
1544,121.984764
1545,147.41626
1546,148.04134
1547,141.25484
1548,119.6576
1549,50.300293
1550,83.811264
1551,67.095535
1552,92.00291
1553,82.98954
1554,79.32759
1555,115.10795
1556,100.26524
1557,150.14546
1558,125.78917
1559,103.20744
1560,110.51031
1561,92.3731
1562,463.10583
1563,812.6118
1564,689.0648
1565,767.26
1566,626.88715
1567,620.9343
1568,900.3287
1569,213.94417
1570,214.11151
1571,145.27777
1572,188.43245
1573,250.75394
1574,238.09386
1575,151.44635
1576,157.4455
1577,103.36313
1578,119.107574
1579,115.32823
1580,156.06705
1581,132.85745
1582,90.86613
1583,159.53674
1584,156.10599
1585,180.81688
1586,198.56407
1587,170.89131
1588,162.64668
1589,141.57727
1590,791.4682
1591,928.929
1592,1369.8932
1593,1485.2374
1594,1121.2108
1595,1260.6696
1596,1719.2657
1597,561.64954
1598,384.5218
1599,268.19373
1600,406.21005
1601,336.09982
1602,413.39636
1603,328.2224
1604,221.78479
1605,210.16925
1606,235.80563
1607,287.79648
1608,285.025
1609,194.78253
1610,207.08417
1611,307.5924
1612,416.68338
1613,436.63843
1614,490.57806
1615,310.22894
1616,424.72995
1617,297.08908
1618,1267.3922
1619,1425.508
1620,1913.039
1621,1871.4069
1622,1521.371
1623,1740.3623
1624,1483.3304
1625,420.9134
1626,432.2084
1627,300.64502
1628,404.59967
1629,402.35632
1630,411.34964
1631,282.2911
1632,211.38333
1633,190.92456
1634,172.43774
1635,226.06401
1636,234.0282
1637,236.8898
1638,164.40793
1639,248.22258
1640,301.5675
1641,340.0042
1642,383.6992
1643,245.98566
1644,211.4907
1645,175.92935
1646,2069.722
1647,1505.5402
1648,1050.4143
1649,2062.4905
1650,1497.0378
1651,1656.3041
1652,439.79187
1653,145.31494
1654,108.63715
1655,103.624146
1656,110.047195
1657,103.938286
1658,86.93063
1659,97.23577
1660,93.96267
1661,27.201675
1662,50.805313
1663,56.966522
1664,19.18872
1665,52.152603
1666,76.91742
1667,107.18951
1668,128.18408
1669,111.80553
1670,146.45705
1671,85.38928
1672,94.91281
1673,56.878662
1674,756.2067
1675,1218.5609
1676,1056.2789
1677,874.7776
1678,762.8094
1679,732.1557
1680,659.5784
1681,177.14009
1682,170.54
1683,156.09216
1684,156.83632
1685,158.49512
1686,151.14577
1687,127.48214
1688,119.747154
1689,59.162888
1690,76.795296
1691,86.77726
1692,67.63505
1693,71.62667
1694,71.05102
1695,119.14865
1696,125.611435
1697,165.18085
1698,123.34228
1699,108.01074
1700,95.2294
1701,84.74975
1702,555.1849
1703,697.34686
1704,801.2752
1705,1087.8538
1706,730.2188
1707,688.3197
1708,453.7965
1709,178.40497
1710,150.99197
1711,120.72383
1712,130.01837
1713,133.422
1714,148.73067
1715,128.24292
1716,104.72449
1717,35.200394
1718,53.40538
1719,60.71689
1720,60.608612
1721,60.97522
1722,57.929825
1723,103.83762
1724,99.92712
1725,88.27565
1726,111.3126
1727,101.3321
1728,98.976715
1729,69.25709
1730,538.05396
1731,719.1
1732,636.758
1733,708.39026
1734,512.3879
1735,504.68616
1736,456.63257
1737,156.68329
1738,166.75229
1739,140.47307
1740,139.31703
1741,135.64574
1742,135.79893
1743,134.09375
1744,98.38436
1745,60.996475
1746,74.594055
1747,87.43751
1748,93.05906
1749,89.134056
1750,63.50084
1751,148.19142
1752,135.70134
1753,124.620766
1754,122.84377
1755,122.27352
1756,103.278854
1757,96.21309
1758,410.18146
1759,524.508
1760,513.78894
1761,634.8324
1762,513.6784
1763,530.703
1764,390.47333
1765,137.04756
1766,119.68483
1767,89.89084
1768,101.66045
1769,103.33774
1770,114.4042
1771,103.31022
1772,79.02664
1773,16.551056
1774,24.118805
1775,39.32492
1776,61.763336
1777,58.355194
1778,43.603348
1779,119.40834
1780,60.91992
1781,75.68077
1782,85.84531
1783,60.16542
1784,68.92798
1785,50.806854
1786,357.69934
1787,406.1601
1788,466.32245
1789,504.67346
1790,428.83112
1791,412.37854
1792,1153.3932
1793,258.9666
1794,205.00511
1795,175.76617
1796,297.06677
1797,279.66263
1798,327.7203
1799,187.68597
1800,100.28795
1801,94.79071
1802,104.75958
1803,81.444786
1804,197.25293
1805,170.9353
1806,79.65951
1807,114.328766
1808,110.03696
1809,161.0236
1810,202.8515
1811,144.18951
1812,187.15569
1813,105.286766
1814,665.4078
1815,1199.2831
1816,1255.5464
1817,1381.0287
1818,1218.7034
1819,1192.9106
1820,469.3017
1821,143.20709
1822,104.446976
1823,110.146416
1824,102.273865
1825,109.96658
1826,137.29477
1827,92.192856
1828,99.03471
1829,26.42395
1830,14.614136
1831,38.90596
1832,56.105347
1833,41.66252
1834,52.701096
1835,69.72131
1836,68.471115
1837,98.169586
1838,105.14678
1839,61.23474
1840,78.62718
1841,64.97853
1842,434.52603
1843,620.1084
1844,582.57294
1845,665.495
1846,610.64905
1847,589.02655
1848,1019.11346
1849,269.12003
1850,291.49896
1851,281.64777
1852,321.21216
1853,319.25784
1854,332.5712
1855,238.91325
1856,155.97131
1857,130.76546
1858,162.45572
1859,172.20169
1860,236.94656
1861,158.56058
1862,159.04579
1863,221.61201
1864,260.2218
1865,346.5984
1866,272.14407
1867,222.36555
1868,201.68752
1869,174.39876
1870,1550.4742
1871,1950.1654
1872,1730.1833
1873,1666.763
1874,1601.98
1875,1075.3893
1876,926.775
1877,306.70215
1878,254.88058
1879,226.86008
1880,275.39893
1881,277.93024
1882,320.71204
1883,274.9609
1884,170.93607
1885,116.503456
1886,125.34455
1887,156.1522
1888,196.05945
1889,163.44315
1890,117.86221
1891,182.4092
1892,206.20457
1893,196.7958
1894,236.37949
1895,190.08252
1896,171.38237
1897,132.41408
1898,1267.7
1899,1337.7603
1900,1305.1201
1901,1397.9257
1902,1240.381
1903,850.5625
1904,749.6095
1905,210.53107
1906,192.28653
1907,147.95447
1908,167.61731
1909,179.14642
1910,181.61125
1911,192.85173
1912,111.651146
1913,65.81105
1914,77.90397
1915,79.648285
1916,115.05119
1917,81.5751
1918,65.79433
1919,165.63174
1920,138.35078
1921,138.65376
1922,136.60095
1923,122.06468
1924,131.06943
1925,103.00239
1926,667.9894
1927,895.4266
1928,1004.5689
1929,1120.1464
1930,809.7875
1931,709.9119
1932,1106.5062
1933,242.07095
1934,265.71658
1935,237.0729
1936,276.92914
1937,316.73132
1938,261.31253
1939,236.13782
1940,142.90996
1941,125.78135
1942,125.09458
1943,138.72694
1944,144.2135
1945,140.89926
1946,122.85166
1947,216.59483
1948,226.06314
1949,251.1901
1950,211.96288
1951,193.4963
1952,185.96237
1953,164.49638
1954,1490.0831
1955,1623.7528
1956,1598.4778
1957,1806.6553
1958,1574.2413
1959,1025.8566
1960,608.22186
1961,198.41919
1962,196.30618
1963,180.61339
1964,220.94647
1965,210.95973
1966,205.09254
1967,188.67346
1968,132.81264
1969,66.784966
1970,77.13528
1971,84.16104
1972,122.022156
1973,84.41506
1974,72.66619
1975,155.06442
1976,91.66082
1977,117.93322
1978,149.13373
1979,139.36383
1980,103.17462
1981,90.37439
1982,788.8044
1983,961.1913
1984,961.6545
1985,1261.7845
1986,849.1997
1987,614.2178
1988,522.38275
1989,211.29517
1990,203.82092
1991,204.69508
1992,196.34396
1993,155.58347
1994,179.11655
1995,198.80473
1996,161.06586
1997,137.81104
1998,153.7503
1999,163.20622
2000,149.13983
2001,110.4577
2002,139.45517
2003,190.51108
2004,188.4778
2005,207.66599
2006,198.85063
2007,171.01237
2008,144.62221
2009,121.2402
2010,489.9024
2011,591.54956
2012,618.3488
2013,1027.8323
2014,593.6461
2015,780.0765
2016,311.73926
2017,123.26882
2018,120.74076
2019,125.76936
2020,114.011955
2021,111.991875
2022,108.1899
2023,124.914536
2024,113.69311
2025,81.980354
2026,89.88523
2027,99.366425
2028,44.40834
2029,56.246002
2030,80.52363
2031,97.29391
2032,92.69098
2033,112.731804
2034,100.575356
2035,81.33448
2036,75.68189
2037,81.53183
2038,248.56148
2039,338.5542
2040,352.2921
2041,464.4124
2042,290.59576
2043,286.69788
2044,148.3376
2045,61.404144
2046,54.99884
2047,51.79709
2048,52.011917
2049,53.649963
2050,52.38478
2051,46.79007
2052,47.84561
2053,41.422653
2054,38.064682
2055,35.662384
2056,30.50029
2057,47.608246
2058,32.96556
2059,43.27339
2060,38.64772
2061,35.96028
2062,34.12056
2063,29.081024
2064,30.122345
2065,27.96727
2066,104.47731
2067,131.86069
2068,146.85886
2069,159.07108
2070,129.7177
2071,116.3214
2072,550.14465
2073,168.01422
2074,165.83163
2075,134.96812
2076,150.26015
2077,188.33958
2078,160.13123
2079,160.55006
2080,130.09741
2081,37.42897
2082,59.766907
2083,70.14417
2084,92.23226
2085,84.02704
2086,58.045563
2087,95.4644
2088,112.30092
2089,129.37477
2090,122.717606
2091,113.937614
2092,95.8611
2093,90.16481
2094,598.6935
2095,954.59827
2096,765.40955
2097,1073.2335
2098,753.4021
2099,821.5963
2100,348.23474
2101,92.801544
2102,88.90902
2103,68.06125
2104,90.4227
2105,95.32082
2106,78.8579
2107,99.90807
2108,67.78713
2109,17.374619
2110,34.806
2111,49.353043
2112,39.75113
2113,45.58258
2114,55.46982
2115,44.625305
2116,114.086334
2117,79.98988
2118,137.17139
2119,60.079376
2120,93.41275
2121,49.8851
2122,629.0875
2123,1084.9348
2124,815.8495
2125,873.2081
2126,597.91736
2127,503.22925
2128,399.92563
2129,149.4898
2130,149.46837
2131,124.57624
2132,138.68071
2133,112.86189
2134,112.367065
2135,150.68813
2136,121.6794
2137,66.780045
2138,112.21728
2139,101.98958
2140,86.3909
2141,82.636
2142,101.93439
2143,139.3197
2144,122.729485
2145,140.47896
2146,162.96533
2147,119.508545
2148,113.94187
2149,92.51003
2150,421.91425
2151,513.8114
2152,563.4422
2153,684.8604
2154,539.29254
2155,523.98883
2156,743.623
2157,253.1355
2158,251.83488
2159,250.06836
2160,239.10358
2161,199.9201
2162,193.66211
2163,208.9049
2164,161.11781
2165,110.31056
2166,150.84651
2167,130.85846
2168,136.98944
2169,122.72574
2170,128.91022
2171,169.66946
2172,183.79721
2173,193.59236
2174,192.15565
2175,157.34181
2176,162.26833
2177,107.090675
2178,634.6577
2179,744.94055
2180,917.4565
2181,1032.3737
2182,797.3382
2183,890.4439
2184,1175.7498
2185,280.98035
2186,290.3395
2187,224.93544
2188,281.75873
2189,310.5563
2190,284.0902
2191,227.54819
2192,160.7786
2193,112.147285
2194,102.293785
2195,125.43615
2196,163.52356
2197,120.884544
2198,117.74462
2199,141.15207
2200,169.08669
2201,197.46573
2202,220.5139
2203,158.92995
2204,177.24457
2205,145.247
2206,1007.4809
2207,1223.5831
2208,1455.6069
2209,1520.7916
2210,1246.2195
2211,1498.6913
2212,967.7269
2213,275.86035
2214,248.00797
2215,257.8965
2216,241.5145
2217,285.2203
2218,309.3439
2219,239.78494
2220,141.98346
2221,91.70869
2222,142.97157
2223,158.14233
2224,190.8728
2225,199.89317
2226,141.15558
2227,193.81616
2228,172.42577
2229,217.54326
2230,235.87347
2231,229.4482
2232,173.1197
2233,138.02545
2234,837.39465
2235,1104.2413
2236,1054.0145
2237,1367.0934
2238,1228.8551
2239,1334.7567
2240,315.94162
2241,124.10568
2242,112.70579
2243,95.492455
2244,88.94412
2245,96.03919
2246,97.01478
2247,98.54037
2248,107.22036
2249,35.551285
2250,59.547623
2251,45.826233
2252,50.91745
2253,67.78801
2254,55.241837
2255,70.53352
2256,110.77489
2257,98.2219
2258,109.74831
2259,74.03248
2260,74.711044
2261,55.81349
2262,337.72037
2263,530.91437
2264,556.1358
2265,517.1846
2266,404.0625
2267,408.7673
2268,257.08533
2269,96.62483
2270,86.90872
2271,84.78629
2272,91.400505
2273,70.55082
2274,95.48598
2275,78.90359
2276,83.19092
2277,55.974655
2278,68.9979
2279,71.98872
2280,55.70291
2281,56.804703
2282,62.112198
2283,71.07892
2284,79.127495
2285,67.0925
2286,68.603806
2287,58.940475
2288,52.85109
2289,57.823105
2290,204.511
2291,274.69495
2292,302.25494
2293,338.61096
2294,260.11395
2295,297.98126
2296,657.19354
2297,203.26512
2298,182.0419
2299,160.87048
2300,159.14503
2301,151.97342
2302,176.59334
2303,170.83531
2304,127.640045
2305,104.79768
2306,81.42678
2307,89.18877
2308,130.25378
2309,97.43726
2310,90.99536
2311,129.19284
2312,171.33653
2313,164.22777
2314,164.07619
2315,126.85013
2316,134.9742
2317,93.79392
2318,616.3388
2319,794.54645
2320,1000.25104
2321,1098.2152
2322,770.95123
2323,835.3051
2324,801.2984
2325,200.26395
2326,195.00444
2327,136.52397
2328,145.46089
2329,150.79251
2330,154.64003
2331,153.88596
2332,116.88027
2333,70.34696
2334,43.006454
2335,93.99438
2336,78.50799
2337,85.79137
2338,64.64963
2339,112.9867
2340,137.20544
2341,227.15045
2342,149.39345
2343,125.499
2344,143.88045
2345,103.53143
2346,768.78595
2347,1338.7606
2348,1652.3456
2349,1634.5632
2350,1267.8448
2351,1107.1613
2352,368.00452
2353,126.97715
2354,95.86054
2355,103.321754
2356,127.624214
2357,105.40447
2358,104.26185
2359,113.66696
2360,87.02597
2361,28.774567
2362,39.594147
2363,16.729797
2364,46.005325
2365,37.841843
2366,41.223328
2367,58.74164
2368,63.071
2369,60.298615
2370,77.68456
2371,59.43013
2372,65.08835
2373,55.216995
2374,353.50464
2375,513.37366
2376,501.23712
2377,585.15515
2378,449.45612
2379,425.9729
2380,136.37376
2381,75.39506
2382,71.013626
2383,69.472015
2384,71.755135
2385,74.29575
2386,72.2026
2387,67.681015
2388,68.48848
2389,41.37448
2390,47.101013
2391,62.053055
2392,50.599182
2393,56.435944
2394,54.495102
2395,62.45108
2396,60.70424
2397,64.23616
2398,73.559944
2399,52.846603
2400,51.46669
2401,46.6091
2402,161.7964
2403,201.08301
2404,199.26126
2405,286.88815
2406,274.89764
2407,203.00458
2408,989.44855
2409,310.0113
2410,261.86707
2411,214.10551
2412,234.26663
2413,300.71283
2414,273.59
2415,192.90887
2416,162.61331
2417,95.406975
2418,120.586205
2419,128.72717
2420,151.44475
2421,140.44568
2422,100.107605
2423,165.47813
2424,191.81331
2425,233.28226
2426,229.47028
2427,165.00587
2428,187.90433
2429,139.25433
2430,924.1453
2431,1421.4022
2432,1536.2471
2433,2046.1475
2434,1204.776
2435,1202.8618
2436,346.74677
2437,114.98195
2438,108.89081
2439,117.6356
2440,93.36186
2441,95.851875
2442,91.23198
2443,96.50837
2444,100.70161
2445,88.077354
2446,89.43437
2447,88.76367
2448,79.89783
2449,94.240875
2450,96.85163
2451,95.68656
2452,92.05434
2453,90.40006
2454,90.9373
2455,112.00384
2456,106.83979
2457,80.926254
2458,376.66223
2459,441.7126
2460,465.58887
2461,496.89386
2462,462.2575
2463,380.21014
2464,616.3276
2465,216.95863
2466,185.79854
2467,174.80516
2468,188.70262
2469,178.73663
2470,192.34091
2471,192.38007
2472,142.56555
2473,84.42051
2474,70.8294
2475,108.50654
2476,151.0188
2477,100.43014
2478,92.511444
2479,157.2743
2480,133.89708
2481,162.89919
2482,163.32835
2483,140.56592
2484,111.83392
2485,103.25674
2486,488.84613
2487,598.47253
2488,634.74445
2489,655.4627
2490,609.16565
2491,685.64905
2492,743.017
2493,230.60524
2494,250.18314
2495,233.30606
2496,254.78122
2497,227.72223
2498,249.68481
2499,233.1634
2500,183.95145
2501,191.86734
2502,182.98784
2503,183.90428
2504,154.54953
2505,214.48294
2506,181.1965
2507,222.80627
2508,200.5367
2509,245.48438
2510,233.95341
2511,242.88484
2512,180.52386
2513,138.41895
2514,681.56256
2515,629.46625
2516,762.30145
2517,947.9391
2518,956.38525
2519,941.8476
2520,612.09753
2521,180.60526
2522,165.06198
2523,150.1559
2524,145.5046
2525,158.26384
2526,178.02443
2527,163.73956
2528,145.98639
2529,61.45111
2530,82.85445
2531,86.4523
2532,106.94103
2533,86.59328
2534,74.652885
2535,123.73395
2536,98.10968
2537,144.90892
2538,132.54942
2539,113.72107
2540,104.006905
2541,103.05597
2542,497.20312
2543,796.8491
2544,745.36786
2545,738.978
2546,699.0345
2547,602.3729
2548,383.6517
2549,132.18378
2550,135.78485
2551,139.10376
2552,117.00015
2553,114.8611
2554,125.91924
2555,138.18863
2556,111.61748
2557,78.57471
2558,88.59529
2559,90.021576
2560,81.54949
2561,94.0483
2562,74.11369
2563,124.9564
2564,106.04544
2565,120.160774
2566,122.953636
2567,96.18593
2568,98.25772
2569,92.318
2570,324.4353
2571,456.6922
2572,427.5017
2573,442.79132
2574,430.56396
2575,448.38788
2576,812.7151
2577,214.80287
2578,237.4036
2579,143.70091
2580,226.4274
2581,222.04135
2582,247.94304
2583,176.23312
2584,115.8907
2585,63.384552
2586,102.89265
2587,126.2508
2588,119.11492
2589,135.2146
2590,109.46382
2591,149.59724
2592,132.75238
2593,180.28745
2594,174.84021
2595,152.76988
2596,149.86563
2597,106.97637
2598,697.0981
2599,913.7507
2600,1131.4504
2601,921.9639
2602,981.24963
2603,879.4937
2604,599.785
2605,181.68297
2606,159.1309
2607,156.55536
2608,147.32658
2609,170.15019
2610,193.55057
2611,158.07315
2612,144.04128
2613,92.64077
2614,90.350296
2615,78.09762
2616,128.2312
2617,75.7514
2618,72.68349
2619,109.586784
2620,155.89183
2621,134.01096
2622,136.97011
2623,132.90346
2624,121.79701
2625,103.69093
2626,452.54022
2627,705.84076
2628,750.51697
2629,836.3364
2630,678.1068
2631,588.0248
2632,459.7458
2633,174.02878
2634,160.05186
2635,158.81114
2636,168.65727
2637,169.42587
2638,169.17648
2639,150.31873
2640,155.96239
2641,89.49804
2642,87.36451
2643,116.551834
2644,122.44986
2645,112.51992
2646,95.9944
2647,183.42914
2648,162.41228
2649,161.77098
2650,183.33644
2651,158.56924
2652,171.13489
2653,110.96202
2654,525.13116
2655,675.9988
2656,638.28156
2657,671.39185
2658,636.9983
2659,620.29175
2660,626.88043
2661,190.13042
2662,197.89809
2663,188.54195
2664,164.22784
2665,160.44151
2666,180.11783
2667,163.35098
2668,123.788345
2669,84.695656
2670,95.22518
2671,128.94476
2672,108.54809
2673,108.254326
2674,104.40958
2675,162.45697
2676,135.67926
2677,169.76807
2678,188.83705
2679,130.09125
2680,154.46489
2681,120.11748
2682,672.17633
2683,695.51654
2684,834.7674
2685,747.9939
2686,825.7032
2687,745.0711
2688,276.89142
2689,99.92679
2690,114.68349
2691,119.5719
2692,126.44252
2693,111.4803
2694,102.15188
2695,111.51557
2696,110.793236
2697,108.39493
2698,94.79207
2699,82.67883
2700,88.06246
2701,103.98353
2702,99.90048
2703,110.10853
2704,101.465416
2705,119.81209
2706,170.62852
2707,118.2093
2708,88.98708
2709,78.86503
2710,302.27063
2711,379.83282
2712,406.31366
2713,418.444
2714,371.69598
2715,324.49573
2716,650.39246
2717,197.46135
2718,163.10625
2719,157.05392
2720,123.740036
2721,196.83238
2722,193.5483
2723,165.19301
2724,127.34718
2725,52.43837
2726,73.460976
2727,102.91642
2728,117.9342
2729,101.94779
2730,80.761795
2731,114.40834
2732,119.41018
2733,160.34422
2734,171.52734
2735,125.67096
2736,145.88145
2737,116.00059
2738,826.51843
2739,1133.1614
2740,964.98584
2741,1189.0914
2742,966.2058
2743,1239.5175
2744,1265.0074
2745,323.7884
2746,255.86255
2747,239.59781
2748,309.88327
2749,267.02472
2750,232.04826
2751,205.21553
2752,175.07605
2753,108.778336
2754,111.355515
2755,106.56484
2756,165.93707
2757,122.309044
2758,113.52241
2759,154.68568
2760,161.97888
2761,222.759
2762,222.09021
2763,167.54382
2764,158.24725
2765,132.05621
2766,980.2541
2767,1556.1677
2768,1468.9464
2769,1203.4452
2770,1215.973
2771,1345.6058
2772,192.1356
2773,97.38725
2774,85.30256
2775,97.81995
2776,103.80983
2777,86.59252
2778,96.918915
2779,88.75231
2780,92.03606
2781,79.489075
2782,70.88435
2783,84.88934
2784,75.67078
2785,84.324165
2786,91.35949
2787,95.19774
2788,92.241646
2789,84.53496
2790,105.69978
2791,95.03551
2792,70.93207
2793,72.92087
2794,218.6788
2795,254.1003
2796,294.90564
2797,430.41077
2798,313.62784
2799,293.68375
2800,238.57306
2801,238.73206
2802,301.74777
2803,256.84824
2804,228.45615
2805,260.941
2806,269.27158
2807,258.3285
2808,273.0653
2809,234.75964
2810,151.3467
2811,250.73523
2812,232.1334
2813,255.102
2814,244.34915
2815,211.9751
2816,191.17421
2817,217.22853
2818,508.97284
2819,483.56085
2820,588.4566
2821,544.54504
2822,618.7865
2823,566.1736
2824,278.03943
2825,256.89923
2826,224.13916
2827,247.62933
2828,255.27835
2829,258.13593
2830,196.16602
2831,253.08145
2832,247.29997
2833,230.75691
2834,248.06932
2835,209.74574
2836,211.94145
2837,161.94269
2838,501.4538
2839,510.29553
2840,513.33276
2841,585.7016
2842,521.2979
2843,488.2708
2844,318.24326
2845,327.10925
2846,257.8593
2847,280.5924
2848,268.41556
2849,256.29993
2850,254.36688
2851,270.8387
2852,272.153
2853,230.4063
2854,204.61853
2855,265.55676
2856,256.0867
2857,261.1566
2858,243.1786
2859,198.36008
2860,199.33629
2861,197.1347
2862,520.3783
2863,471.84296
2864,538.5457
2865,680.3784
2866,516.1743
2867,561.445
2868,186.78493
2869,88.77546
2870,82.73598
2871,87.770134
2872,86.201866
2873,82.372154
2874,86.98554
2875,81.79582
2876,82.22616
2877,62.134125
2878,57.880905
2879,76.62178
2880,64.7133
2881,71.29805
2882,74.31959
2883,74.05118
2884,73.885254
2885,90.487816
2886,103.57578
2887,97.36779
2888,78.86195
2889,71.99572
2890,190.49245
2891,290.23883
2892,289.55078
2893,369.84033
2894,360.34393
2895,298.1488
2896,377.7904
2897,132.73846
2898,94.303505
2899,75.75303
2900,100.779495
2901,113.4859
2902,108.10973
2903,85.24022
2904,71.659
2905,71.96143
2906,61.96718
2907,77.12187
2908,65.160614
2909,65.095955
2910,76.36387
2911,41.062347
2912,65.63719
2913,54.957123
2914,79.42732
2915,52.84337
2916,51.504257
2917,46.340652
2918,266.02344
2919,352.36127
2920,365.3302
2921,350.96512
2922,269.43332
2923,270.35254
2924,192.691
2925,67.97053
2926,57.924057
2927,60.953247
2928,70.24727
2929,76.77856
2930,72.42789
2931,55.69481
2932,67.91516
2933,25.089767
2934,26.73172
2935,42.910507
2936,31.41182
2937,37.430557
2938,28.330597
2939,36.778763
2940,33.814835
2941,55.58812
2942,49.354294
2943,45.62767
2944,43.927856
2945,34.11859
2946,384.64505
2947,589.6326
2948,495.63428
2949,576.3657
2950,483.70673
2951,438.44342
2952,261.08624
2953,199.21869
2954,194.54515
2955,173.60155
2956,549.334
2957,587.29596
2958,630.27234
2959,686.5196
2960,552.33527
2961,606.9378
2962,565.6047
2963,502.12067
2964,621.997
2965,251.35541
2966,210.56613
2967,213.0508
2968,188.82103
2969,520.74243
2970,605.7186
2971,603.50757
2972,555.08905
2973,507.85077
2974,510.9311
2975,249.43314
2976,218.0661
2977,211.63312
2978,132.33472
2979,604.7528
2980,471.69714
2981,564.6823
2982,618.5941
2983,556.5915
2984,481.49194
2985,3.8358765
2986,6.413208
2987,6.2686005
2988,6.0917053
2989,6.3989716
2990,6.2588196
2991,6.847229
2992,6.332184
2993,6.327194
2994,5.5289154
2995,6.2465973
2996,6.265457
2997,6.220642
2998,6.228348
2999,6.28006
3000,132.0866
3001,137.14749
3002,123.74562
3003,113.444786
3004,113.50421
3005,113.847946
3006,90.68929
3007,6.7999725
3008,6.5421906
3009,7.045883
3010,5.956436
3011,5.8276215
3012,5.933014
3013,6.81929
3014,6.6617737
3015,6.304413
3016,6.339966
3017,6.7780914
3018,6.6026154
3019,7.0541077
3020,7.2437744
3021,6.478958
3022,6.9325714
3023,5.1151886
3024,6.754425
3025,6.8548126
3026,6.5644684
3027,5.663864
3028,153.77342
3029,136.95654
3030,114.55855
3031,124.490654
3032,112.47525
3033,115.12572
3034,99.20165
3035,5.991791
3036,6.8783264
3037,6.428528
3038,6.798462
3039,6.181137
3040,6.7576447
3041,6.3570557
3042,6.0414276
3043,5.7321625
3044,5.829239
3045,5.816635
3046,6.996231
3047,6.194916
3048,5.796158
3049,6.1642914
3050,5.9534607
3051,5.786667
3052,5.7493134
3053,6.161438
3054,5.475479
3055,4.9067993
3056,79.20676
3057,83.512375
3058,76.13173
3059,82.7928
3060,67.08662
3061,91.0652
3062,62.31967
3063,6.226181
3064,6.154236
3065,6.1560364
3066,5.647461
3067,5.9233246
3068,5.2144775
3069,5.817215
3070,5.979065
3071,5.865204
3072,6.3947906
3073,6.072281
3074,5.520691
3075,6.22023
3076,5.9675446
3077,5.5717926
3078,5.333023
3079,5.4292297
3080,6.1932526
3081,6.040161
3082,5.9098816
3083,6.085373
3084,106.619865
3085,103.97215
3086,94.46849
3087,93.237885
3088,82.57781
3089,102.203476
3090,82.248
3091,5.8466797
3092,6.272339
3093,5.5890045
3094,6.1470184
3095,5.8946533
3096,5.9374237
3097,6.672058
3098,6.3006134
3099,6.5977173
3100,6.241577
3101,6.354843
3102,7.269455
3103,6.7151184
3104,6.059189
3105,6.8467255
3106,6.4264374
3107,6.258438
3108,6.7048798
3109,6.9699097
3110,7.2095337
3111,5.7172546
3112,162.97426
3113,160.94135
3114,133.25908
3115,118.74566
3116,123.1862
3117,109.78351
3118,115.22519
3119,7.5294952
3120,6.443619
3121,6.0955505
3122,5.8767242
3123,6.5075073
3124,6.027832
3125,6.1851807
3126,6.831665
3127,6.160431
3128,6.3516083
3129,6.515167
3130,5.7169495
3131,6.881256
3132,5.713455
3133,6.080475
3134,5.443207
3135,5.6871185
3136,6.247589
3137,5.7252197
3138,6.13385
3139,5.6144867
3140,134.69724
3141,126.642204
3142,115.956116
3143,119.539116
3144,120.61718
3145,101.28623
3146,91.604126
3147,6.153366
3148,6.6678314
3149,6.6065826
3150,6.6239777
3151,6.511978
3152,5.4532776
3153,6.194275
3154,5.9589844
3155,5.2221527
3156,6.105591
3157,5.430786
3158,5.188385
3159,5.8118896
3160,5.3795776
3161,6.13443
3162,4.873581
3163,5.139908
3164,5.6075745
3165,5.88591
3166,5.22139
3167,5.5260773
3168,45.704575
3169,64.36209
3170,53.834778
3171,50.685272
3172,43.857742
3173,38.7621
3174,38.238754
3175,5.847519
3176,6.04335
3177,5.7091675
3178,5.7951202
3179,6.149521
3180,5.626663
3181,7.783142
3182,9.339401
3183,8.398239
3184,9.377579
3185,8.39241
3186,8.530624
3187,9.357025
3188,8.445831
3189,8.434814
3190,17.967148
3191,20.572464
3192,15.498749
3193,9.473511
3194,9.570404
3195,13.0881195
3196,218.70442
3197,238.10173
3198,224.66418
3199,182.83984
3200,173.49039
3201,166.27377
3202,129.07172
3203,19.173523
3204,19.184067
3205,13.252289
3206,12.343521
3207,10.433197
3208,14.571625
3209,7.0505676
3210,6.731552
3211,7.2971954
3212,6.90448
3213,7.002487
3214,6.772003
3215,7.3181
3216,6.319504
3217,6.7414246
3218,7.108124
3219,6.4197235
3220,7.087158
3221,7.364853
3222,6.8844757
3223,6.9909973
3224,161.75662
3225,141.64355
3226,158.41428
3227,143.15102
3228,131.03705
3229,128.97836
3230,119.119225
3231,11.135803
3232,7.1382904
3233,8.122406
3234,7.86409
3235,7.426941
3236,6.681656
3237,6.5737305
3238,6.3700867
3239,6.657303
3240,6.8495026
3241,6.4608765
3242,6.298126
3243,5.995331
3244,6.2112427
3245,6.5480804
3246,6.1705475
3247,5.2418823
3248,6.5759125
3249,6.2041626
3250,6.7903748
3251,6.360138
3252,140.66357
3253,116.84195
3254,132.14867
3255,121.81317
3256,108.497154
3257,105.12004
3258,105.461975
3259,7.0927277
3260,6.549469
3261,6.444519
3262,5.8644867
3263,6.77507
3264,6.9282684
3265,6.879425
3266,7.22847
3267,7.35672
3268,6.897003
3269,7.2048798
3270,7.541443
3271,7.085724
3272,6.393524
3273,6.581436
3274,6.7830505
3275,6.838028
3276,6.5258636
3277,6.615921
3278,6.339554
3279,5.5565796
3280,115.284065
3281,133.1086
3282,128.55836
3283,115.99624
3284,115.07968
3285,109.63793
3286,112.22906
3287,9.14035
3288,6.45343
3289,6.632736
3290,6.4572144
3291,6.5492096
3292,6.837219
3293,6.8984375
3294,7.1158447
3295,7.0084534
3296,7.4658203
3297,7.186035
3298,6.9289093
3299,7.002487
3300,6.8251038
3301,6.5077972
3302,6.4025726
3303,6.374176
3304,6.490265
3305,6.7668304
3306,7.270584
3307,6.6241913
3308,166.3663
3309,156.27983
3310,142.0495
3311,144.20108
3312,130.47296
3313,118.124146
3314,106.81507
3315,8.4218445
3316,6.917755
3317,6.2942657
3318,5.6016693
3319,6.3979797
3320,6.2623596
3321,7.0692444
3322,8.435959
3323,8.074188
3324,8.277405
3325,7.2053223
3326,10.414291
3327,8.005875
3328,8.541367
3329,6.9447937
3330,7.466934
3331,7.6578674
3332,9.291168
3333,7.452606
3334,11.146606
3335,7.4544067
3336,218.41704
3337,227.09512
3338,205.8443
3339,211.06683
3340,176.16718
3341,154.12354
3342,128.74231
3343,10.385391
3344,10.148468
3345,9.453171
3346,9.019623
3347,7.9819794
3348,7.486679
3349,5.990982
3350,6.1155396
3351,5.4144745
3352,6.0832367
3353,6.0303802
3354,5.7696686
3355,5.94899
3356,5.770462
3357,5.780731
3358,5.8810577
3359,5.1762543
3360,5.5732574
3361,5.7475433
3362,5.9932556
3363,5.895157
3364,71.79299
3365,68.11631
3366,65.10496
3367,66.0485
3368,49.817932
3369,58.244614
3370,37.877396
3371,5.6934204
3372,7.5975647
3373,6.87352
3374,6.6139374
3375,6.4903107
3376,6.208832
3377,6.2365875
3378,6.3006134
3379,6.201248
3380,5.946686
3381,6.795212
3382,6.4152374
3383,6.692169
3384,6.431183
3385,6.091507
3386,5.804306
3387,6.580658
3388,5.6491394
3389,5.917511
3390,6.4757385
3391,6.1213226
3392,121.26666
3393,120.90856
3394,124.34473
3395,120.13422
3396,102.24021
3397,97.33668
3398,90.20282
3399,7.574768
3400,6.5905
3401,6.3663025
3402,6.4981995
3403,6.109253
3404,6.685501
3405,6.454422
3406,6.549408
3407,7.499222
3408,5.879837
3409,7.174835
3410,6.897354
3411,6.928528
3412,6.2827454
3413,5.869293
3414,6.632782
3415,5.719879
3416,6.223404
3417,6.369629
3418,6.464279
3419,5.63237
3420,121.56911
3421,131.24327
3422,124.774734
3423,119.13393
3424,126.77739
3425,102.874855
3426,111.50743
3427,6.4351807
3428,7.6434784
3429,6.6497803
3430,6.653076
3431,6.2826385
3432,6.7978363
3433,6.7765656
3434,6.6707916
3435,6.739029
3436,6.452057
3437,6.086273
3438,6.475174
3439,6.3558044
3440,6.1121063
3441,6.7282715
3442,5.4510345
3443,5.8184357
3444,5.899826
3445,5.9275513
3446,6.2333527
3447,4.849594
3448,115.71119
3449,109.840706
3450,106.96824
3451,97.546684
3452,108.94985
3453,101.979164
3454,94.76115
3455,6.5491486
3456,6.2274475
3457,6.9928436
3458,6.2624817
3459,6.5448
3460,6.1226807
3461,6.101166
3462,6.121216
3463,6.366623
3464,5.7341003
3465,6.655609
3466,6.3671722
3467,6.126114
3468,6.887329
3469,6.018692
3470,5.658722
3471,6.0477753
3472,5.3026886
3473,6.1735687
3474,5.5746
3475,5.345047
3476,122.57082
3477,100.540924
3478,116.84637
3479,103.118614
3480,95.423004
3481,85.9806
3482,84.28699
3483,6.2836456
3484,6.0970764
3485,6.3739777
3486,6.392029
3487,5.665863
3488,6.1793976
3489,6.236679
3490,5.770111
3491,5.9859314
3492,6.741043
3493,6.5988007
3494,6.5074005
3495,7.6436615
3496,6.4330597
3497,6.6326294
3498,6.0354767
3499,6.371765
3500,6.130768
3501,6.279709
3502,5.532028
3503,5.626953
3504,123.621284
3505,130.87454
3506,115.893845
3507,118.57205
3508,106.537415
3509,96.638916
3510,103.153275
3511,6.276184
3512,6.5476227
3513,6.2735443
3514,6.5394135
3515,6.0790863
3516,5.992737
3517,6.307785
3518,6.3868713
3519,6.293106
3520,6.376114
3521,6.0773315
3522,6.4586334
3523,6.3423157
3524,5.6957245
3525,6.3824615
3526,5.771225
3527,6.4971313
3528,5.9398193
3529,6.080246
3530,6.6686707
3531,5.6713104
3532,99.46519
3533,104.25443
3534,103.29454
3535,96.58499
3536,88.48176
3537,90.7571
3538,82.631935
3539,6.114807
3540,6.368286
3541,6.4497223
3542,6.3909454
3543,5.958267
3544,6.530014
3545,6.1900787
3546,5.881714
3547,5.909439
3548,6.0868683
3549,6.0918274
3550,5.9145355
3551,6.0612183
3552,5.786667
3553,6.1973114
3554,5.53537
3555,5.804016
3556,5.553238
3557,5.9658966
3558,5.2716217
3559,5.5214386
3560,51.182404
3561,50.845688
3562,61.718353
3563,56.444412
3564,41.76085
3565,52.662216
3566,43.894333
3567,6.330597
3568,5.821472
3569,6.406006
3570,5.968506
3571,6.312683
3572,6.1895294
3573,6.825363
3574,6.2212067
3575,6.6418
3576,5.6884613
3577,6.1958923
3578,5.802643
3579,6.4044495
3580,6.177124
3581,6.513916
3582,6.001419
3583,5.759201
3584,5.6711426
3585,6.274063
3586,6.4303894
3587,4.346588
3588,103.30552
3589,114.36931
3590,91.02759
3591,102.44025
3592,81.56607
3593,88.431114
3594,87.88526
3595,6.3702545
3596,6.0146027
3597,6.0865173
3598,5.671753
3599,6.355118
3600,5.9624023
3601,6.645096
3602,6.379959
3603,6.681839
3604,6.0348206
3605,6.0103607
3606,6.647705
3607,5.6820526
3608,6.0572968
3609,6.544037
3610,5.819092
3611,5.677307
3612,5.8779755
3613,6.222183
3614,5.874939
3615,5.2664337
3616,70.70999
3617,86.28582
3618,81.46377
3619,76.37677
3620,67.07306
3621,71.82225
3622,50.598587
3623,6.369858
3624,6.4038696
3625,6.5302734
3626,6.7157288
3627,6.072296
3628,6.6645355
3629,6.762863
3630,6.714264
3631,6.457901
3632,6.3639984
3633,6.505478
3634,6.723175
3635,6.6701813
3636,6.1834106
3637,6.31369
3638,6.4447327
3639,6.2365265
3640,6.458008
3641,5.890686
3642,6.9746704
3643,6.3712006
3644,143.43594
3645,152.0469
3646,146.5546
3647,124.87428
3648,136.33084
3649,94.95731
3650,114.29915
3651,7.32399
3652,6.568634
3653,6.3104706
3654,6.130234
3655,6.503845
3656,6.2737885
3657,6.3743286
3658,6.17482
3659,6.4446716
3660,6.124588
3661,5.8275757
3662,5.798706
3663,6.153839
3664,5.4948273
3665,6.1690826
3666,5.790222
3667,6.132309
3668,5.8683167
3669,6.0476837
3670,5.4243774
3671,6.068802
3672,77.772934
3673,73.8214
3674,71.77539
3675,77.49207
3676,71.64413
3677,65.76345
3678,53.677185
3679,5.9550476
3680,6.837219
3681,6.110306
3682,6.842743
3683,6.85466
3684,5.9044952
3685,6.4127045
3686,6.1768646
3687,6.1210175
3688,5.459976
3689,6.3374634
3690,5.826355
3691,5.9788666
3692,6.610092
3693,5.383087
3694,4.5849457
3695,5.415329
3696,5.764923
3697,6.080368
3698,5.5940094
3699,5.7053223
3700,58.149826
3701,63.863815
3702,63.063004
3703,68.379105
3704,48.884933
3705,49.97325
3706,36.51558
3707,6.2042694
3708,6.4035797
3709,6.378296
3710,6.142334
3711,5.7884827
3712,6.177765
3713,6.4198456
3714,5.971298
3715,6.159027
3716,6.3383026
3717,6.723114
3718,6.238205
3719,6.4732513
3720,6.385437
3721,6.392929
3722,5.928314
3723,5.5951996
3724,6.182251
3725,6.1557465
3726,5.9324493
3727,6.0512695
3728,103.43092
3729,103.46317
3730,108.65005
3731,101.039314
3732,106.2108
3733,97.834335
3734,67.39524
3735,6.0520935
3736,6.536545
3737,6.5470886
3738,6.462509
3739,6.420227
3740,6.567337
3741,6.7433624
3742,6.56015
3743,5.882065
3744,6.634903
3745,6.5583954
3746,6.6191254
3747,6.5354767
3748,5.832077
3749,6.5953064
3750,6.358383
3751,6.481598
3752,5.5554047
3753,6.4200897
3754,5.851959
3755,5.1354675
3756,80.39739
3757,102.7038
3758,93.778244
3759,76.66956
3760,71.88617
3761,83.57989
3762,66.82717
3763,6.196686
3764,5.646408
3765,6.303055
3766,6.677124
3767,6.4065094
3768,6.6402283
3769,7.254303
3770,11.838196
3771,10.139893
3772,7.7091064
3773,7.247696
3774,8.156296
3775,10.979004
3776,7.1904755
3777,8.183319
3778,14.310364
3779,12.557175
3780,7.825348
3781,8.714279
3782,10.889618
3783,8.395248
3784,257.7196
3785,266.0811
3786,225.25323
3787,173.08041
3788,235.26056
3789,196.41217
3790,163.73068
3791,9.301102
3792,6.874054
3793,8.259415
3794,6.7106323
3795,7.6786346
3796,8.234924
3797,6.7816315
3798,6.3389893
3799,5.938858
3800,6.346451
3801,5.7911835
3802,6.033203
3803,6.42984
3804,6.093399
3805,6.3701935
3806,5.685074
3807,6.3579254
3808,6.2171326
3809,6.5033875
3810,5.8722687
3811,6.167328
3812,101.17233
3813,99.03947
3814,94.761604
3815,96.560455
3816,85.309814
3817,85.51668
3818,86.64683
3819,6.4763947
3820,6.3060303
3821,6.066681
3822,5.890045
3823,6.4609528
3824,5.8789825
3825,6.4602814
3826,6.348648
3827,6.083908
3828,6.3019257
3829,6.295212
3830,6.3127747
3831,5.9254456
3832,6.149887
3833,6.0379944
3834,5.683975
3835,5.919235
3836,6.118286
3837,5.5214844
3838,5.3610992
3839,5.797989
3840,121.110725
3841,127.39148
3842,115.21494
3843,113.35361
3844,108.28896
3845,83.52113
3846,90.26138
3847,6.2861786
3848,6.6940613
3849,6.060196
3850,5.945404
3851,6.3406525
3852,5.6683807
3853,6.0818634
3854,5.797043
3855,6.109131
3856,5.767334
3857,5.3231964
3858,5.946411
3859,5.9473114
3860,5.63678
3861,5.8927307
3862,5.272003
3863,5.233322
3864,5.7176514
3865,4.717926
3866,5.9699707
3867,5.6874695
3868,80.225685
3869,82.27659
3870,76.86584
3871,86.22896
3872,68.46712
3873,59.25226
3874,58.866806
3875,6.2213287
3876,5.608536
3877,6.3888855
3878,5.584961
3879,6.175476
3880,6.494232
3881,6.3890686
3882,6.46019
3883,5.8797455
3884,6.5081024
3885,6.2218475
3886,5.8811493
3887,6.4507446
3888,6.4388275
3889,6.350998
3890,5.8142548
3891,6.7917786
3892,6.7672424
3893,6.6665955
3894,6.3796844
3895,5.2088776
3896,104.918594
3897,117.007164
3898,112.20319
3899,111.46464
3900,107.525345
3901,89.72848
3902,80.770676
3903,6.213623
3904,5.52594
3905,5.596756
3906,5.8696594
3907,6.1079254
3908,6.0845337
3909,6.100418
3910,6.3946533
3911,6.2929535
3912,6.6063538
3913,6.8289337
3914,6.5394745
3915,6.051056
3916,5.4797363
3917,6.0451813
3918,5.868286
3919,5.2892
3920,5.309601
3921,6.3952484
3922,6.0797424
3923,5.299118
3924,117.55108
3925,112.862
3926,100.63916
3927,97.27338
3928,72.15119
3929,77.29659
3930,76.21526
3931,5.8503723
3932,6.1529694
3933,6.5338593
3934,6.520569
3935,7.0455627
3936,7.10347
3937,6.0888977
3938,5.7869415
3939,6.229706
3940,6.190277
3941,6.1963806
3942,6.4736633
3943,6.311844
3944,5.6198425
3945,6.096878
3946,6.1814575
3947,6.3344574
3948,5.7151794
3949,6.1060486
3950,6.1422577
3951,5.4897156
3952,77.51092
3953,89.984276
3954,91.33262
3955,90.03402
3956,79.593864
3957,72.068054
3958,58.95793
3959,6.4398804
3960,5.7063446
3961,6.3982697
3962,5.8806458
3963,6.088852
3964,5.3960876
3965,5.0141754
3966,5.51239
3967,5.601425
3968,5.728775
3969,5.6703796
3970,5.935852
3971,5.8882446
3972,5.749069
3973,5.803787
3974,5.680588
3975,4.954895
3976,4.745514
3977,5.6302032
3978,5.6164093
3979,5.3226013
3980,42.770035
3981,49.404312
3982,56.344986
3983,51.788086
3984,31.807709
3985,28.072388
3986,31.819305
3987,5.86615
3988,5.266098
3989,5.5849457
3990,6.3360596
3991,6.198929
3992,6.1356964
3993,6.7462006
3994,6.8305206
3995,6.5678253
3996,6.4968567
3997,6.9719086
3998,6.7939606
3999,6.2512207
4000,6.7020416
4001,6.528595
4002,5.9916534
4003,6.880844
4004,6.7545624
4005,7.1352386
4006,7.347763
4007,6.541214
4008,159.10968
4009,150.72952
4010,161.50557
4011,127.80248
4012,117.16028
4013,103.97251
4014,88.64473
4015,7.2330933
4016,7.2195587
4017,7.016342
4018,7.1778107
4019,6.6849365
4020,5.94841
4021,6.121216
4022,5.2615967
4023,6.033142
4024,5.9043884
4025,5.73024
4026,5.7924347
4027,5.7712708
4028,6.1324615
4029,5.6057434
4030,5.871521
4031,4.5692596
4032,5.7365265
4033,5.835449
4034,5.5454254
4035,5.110153
4036,26.76332
4037,43.032425
4038,31.113037
4039,49.033356
4040,37.64131
4041,32.768173
4042,26.177246
4043,5.9186707
4044,5.9383087
4045,5.782791
4046,5.7575073
4047,6.070801
4048,5.644684
4049,6.5973816
4050,6.486786
4051,6.0559845
4052,5.9554443
4053,6.061676
4054,6.1708374
4055,6.2893677
4056,6.487961
4057,6.1576233
4058,5.520172
4059,6.2111053
4060,6.1589355
4061,6.435547
4062,6.3311005
4063,5.1259003
4064,102.32959
4065,104.05878
4066,96.987755
4067,90.99814
4068,77.82956
4069,95.76218
4070,73.866684
4071,5.688263
4072,5.5481415
4073,6.1498413
4074,6.163559
4075,6.0235596
4076,6.0111237
4077,6.418564
4078,6.3506927
4079,5.967499
4080,6.6703796
4081,6.3226166
4082,6.8796997
4083,6.8674164
4084,6.539322
4085,6.72612
4086,6.573227
4087,6.8645325
4088,6.23645
4089,6.8779907
4090,6.8615265
4091,5.861313
4092,107.593506
4093,116.08063
4094,125.68375
4095,112.105385
4096,106.94716
4097,88.711945
4098,103.814926
4099,5.7700043
4100,6.495224
4101,6.486496
4102,6.7193756
4103,6.895645
4104,6.613083
4105,6.176285
4106,5.988678
4107,5.0047607
4108,5.3897095
4109,5.5931396
4110,5.527237
4111,5.7475433
4112,5.5511627
4113,5.6371613
4114,5.1658325
4115,4.904785
4116,5.4852905
4117,5.839035
4118,5.424942
4119,5.6037445
4120,39.25618
4121,45.325912
4122,54.525543
4123,44.49913
4124,36.494873
4125,34.26094
4126,42.13388
4127,5.640747
4128,6.260376
4129,6.090393
4130,5.886017
4131,6.146652
4132,5.5525513
4133,5.738144
4134,5.3142548
4135,4.8868256
4136,5.722061
4137,5.5330048
4138,5.3672333
4139,5.7601166
4140,5.527954
4141,4.828491
4142,4.8410187
4143,5.4604797
4144,5.8734436
4145,5.862671
4146,4.7964783
4147,5.5029144
4148,35.83339
4149,54.684113
4150,50.85524
4151,45.444366
4152,45.86046
4153,41.13385
4154,25.325638
4155,6.1142273
4156,5.8736267
4157,5.674881
4158,5.664093
4159,5.6493225
4160,5.402359
4161,5.7822266
4162,5.953705
4163,5.695221
4164,5.689514
4165,5.6576233
4166,6.0255737
4167,5.7522583
4168,5.6054993
4169,5.914795
4170,5.810608
4171,5.237488
4172,5.469055
4173,5.963043
4174,5.7850647
4175,5.6404877
4176,50.08737
4177,47.38353
4178,51.308273
4179,60.817703
4180,36.37471
4181,39.137924
4182,36.954178
4183,6.448181
4184,5.8645935
4185,6.4796753
4186,6.119034
4187,5.947708
4188,5.5973663
4189,6.3459167
4190,7.2289276
4191,6.7248383
4192,6.7026978
4193,6.3269806
4194,6.5408783
4195,6.805481
4196,6.1922607
4197,6.4936676
4198,7.8671722
4199,6.9089966
4200,6.970566
4201,6.9474945
4202,7.696106
4203,6.79097
4204,124.51241
4205,151.01068
4206,131.96423
4207,125.614395
4208,126.18779
4209,105.67751
4210,110.58465
4211,9.078201
4212,7.0118256
4213,6.887909
4214,6.2617493
4215,6.4930573
4216,6.496933
4217,6.4593353
4218,5.718704
4219,6.172577
4220,6.1610107
4221,6.1496887
4222,7.212097
4223,6.754822
4224,6.4538574
4225,6.2773895
4226,5.8600464
4227,5.7197113
4228,5.5723267
4229,5.578644
4230,6.7951202
4231,6.025711
4232,87.318565
4233,71.40682
4234,87.432274
4235,82.85904
4236,60.40291
4237,72.27008
4238,51.68634
4239,6.156143
4240,6.006378
4241,6.3311005
4242,5.878479
4243,6.589752
4244,6.5070343
4245,6.8690033
4246,6.670685
4247,6.7977448
4248,6.576309
4249,6.599945
4250,6.2788696
4251,5.6378174
4252,6.694214
4253,6.6532593
4254,6.902954
4255,6.61055
4256,6.3569183
4257,6.2566986
4258,5.2615814
4259,5.400711
4260,128.68481
4261,139.6533
4262,125.03358
4263,114.20501
4264,106.00212
4265,112.90982
4266,90.10987
4267,6.7355957
4268,6.430481
4269,6.5816345
4270,5.968399
4271,6.2059326
4272,5.745529
4273,6.324768
4274,5.408661
4275,6.1887665
4276,5.961685
4277,5.644348
4278,6.1588745
4279,5.9306793
4280,5.681717
4281,5.2348633
4282,5.315933
4283,5.435135
4284,5.126816
4285,5.8875275
4286,5.6360474
4287,5.771286
4288,100.333115
4289,99.26657
4290,85.06647
4291,97.85211
4292,87.18243
4293,70.66296
4294,82.073616
4295,5.624405
4296,5.761734
4297,5.727463
4298,5.971039
4299,5.850403
4300,5.5930786
4301,5.9418488
4302,6.650711
4303,5.8744507
4304,5.830719
4305,5.766922
4306,5.7574615
4307,5.711502
4308,5.7869263
4309,6.1444244
4310,6.454788
4311,5.587372
4312,5.8196564
4313,6.238861
4314,5.55217
4315,4.7598114
4316,64.053024
4317,90.46553
4318,90.61757
4319,79.66237
4320,71.38569
4321,69.01155
4322,69.98778
4323,6.297348
4324,6.266266
4325,6.285324
4326,6.4217987
4327,5.814804
4328,6.2638245
4329,6.7075195
4330,6.7403107
4331,6.299774
4332,6.2323
4333,7.9543304
4334,6.164734
4335,6.4591064
4336,6.243805
4337,6.455551
4338,5.895401
4339,6.803589
4340,6.0200653
4341,6.501251
4342,6.575348
4343,6.398285
4344,128.66034
4345,132.7453
4346,142.02353
4347,130.51138
4348,103.12303
4349,103.54982
4350,106.338066
4351,7.1970367
4352,6.228775
4353,6.6501465
4354,6.740387
4355,6.263748
4356,5.726486
4357,5.978424
4358,5.516037
4359,5.859833
4360,5.9136353
4361,5.8839264
4362,6.2445526
4363,5.8446503
4364,6.0971375
4365,5.838928
4366,5.08638
4367,5.0513153
4368,5.329468
4369,5.9430237
4370,5.3670044
4371,5.539612
4372,36.205338
4373,47.254578
4374,41.450806
4375,33.669434
4376,30.970703
4377,25.036926
4378,22.177444
4379,5.884506
4380,6.1593323
4381,5.7640686
4382,5.664322
4383,5.7212067
4384,6.3721313
4385,6.716797
4386,6.721283
4387,6.742462
4388,6.6746826
4389,6.3221283
4390,6.8380737
4391,7.7219086
4392,6.583908
4393,6.303406
4394,6.450241
4395,6.3217926
4396,6.016739
4397,7.078171
4398,6.5002747
4399,6.428406
4400,143.36208
4401,151.60481
4402,142.62717
4403,130.84816
4404,117.528046
4405,96.92052
4406,88.67449
4407,6.7957764
4408,6.5132446
4409,6.5316925
4410,6.6724243
4411,6.4136353
4412,5.9465027
4413,5.737549
4414,6.0034943
4415,5.489273
4416,5.5983887
4417,5.3953094
4418,5.9043427
4419,5.6564636
4420,5.8699493
4421,5.6649933
4422,5.316162
4423,5.510315
4424,5.562134
4425,5.719635
4426,5.6037903
4427,5.4084625
4428,66.603
4429,70.09119
4430,68.95522
4431,68.835
4432,57.850372
4433,49.860703
4434,54.574387
4435,5.3196716
4436,5.845871
4437,5.8864136
4438,6.046417
4439,5.931656
4440,5.0704193
4441,6.389435
4442,6.396118
4443,6.227997
4444,6.6480103
4445,6.3406982
4446,6.7269287
4447,6.2847137
4448,6.008774
4449,6.858017
4450,5.3105316
4451,6.4884186
4452,5.5710297
4453,6.2569427
4454,5.656616
4455,5.4357452
4456,103.0402
4457,105.69591
4458,105.75048
4459,106.097084
4460,88.100075
4461,88.17748
4462,77.5323
4463,6.0140686
4464,6.618988
4465,6.4588776
4466,6.1697235
4467,6.6808014
4468,6.8233795
4469,6.051468
4470,6.371155
4471,6.170944
4472,5.8953857
4473,5.6601562
4474,5.883316
4475,5.6539917
4476,5.5951996
4477,5.5386353
4478,5.1890717
4479,5.502945
4480,5.373993
4481,5.7701263
4482,5.709076
4483,5.6616974
4484,52.938522
4485,42.24373
4486,49.993652
4487,44.336227
4488,33.7659
4489,34.25949
4490,23.709946
4491,5.378372
4492,6.2359924
4493,6.323593
4494,5.667099
4495,5.692566
4496,6.448654
4497,7.0371857
4498,7.2387085
4499,6.764328
4500,7.1032257
4501,7.059387
4502,6.9912415
4503,6.337387
4504,6.696991
4505,6.600601
4506,6.597107
4507,6.674637
4508,6.8665466
4509,6.6188965
4510,6.8533325
4511,6.7572327
4512,176.28632
4513,181.17928
4514,156.61472
4515,143.91467
4516,141.09119
4517,119.59342
4518,117.63702
4519,7.6367493
4520,6.721176
4521,7.4711304
4522,7.4408417
4523,7.3315735
4524,6.2719727
4525,6.618622
4526,6.791321
4527,6.633438
4528,6.452469
4529,6.5391083
4530,6.887253
4531,6.8025513
4532,6.4361115
4533,6.489914
4534,5.3533325
4535,5.920578
4536,5.8604584
4537,6.022354
4538,6.582672
4539,5.6636353
4540,139.46706
4541,142.2897
4542,113.63886
4543,118.0861
4544,119.132454
4545,97.03863
4546,91.735825
4547,5.8673553
4548,6.49704
4549,5.763443
4550,6.5204315
4551,5.8073425
4552,6.4779053
4553,6.849045
4554,6.3636475
4555,6.231781
4556,6.532135
4557,6.6979523
4558,6.994705
4559,6.8144684
4560,8.100418
4561,6.476898
4562,6.780609
4563,6.5442047
4564,6.9862976
4565,7.23024
4566,7.631653
4567,6.804199
4568,153.66512
4569,158.70709
4570,138.11128
4571,143.25912
4572,130.24948
4573,114.813675
4574,107.18275
4575,6.8764954
4576,6.796829
4577,6.7443542
4578,6.796936
4579,6.1378174
4580,6.4627533
4581,6.3858185
4582,5.6118164
4583,6.243805
4584,5.759308
4585,6.0104218
4586,6.1431885
4587,5.8079834
4588,5.798691
4589,4.810974
4590,5.3828125
4591,5.648987
4592,5.848755
4593,5.866516
4594,6.0213776
4595,6.1966095
4596,123.521965
4597,103.19292
4598,106.608406
4599,102.739334
4600,80.72781
4601,87.017876
4602,96.10074
4603,5.9213867
4604,6.245697
4605,5.6070557
4606,5.43515
4607,5.818939
4608,5.5809174
4609,6.221451
4610,6.241455
4611,5.977295
4612,5.3761597
4613,6.3002777
4614,5.8022003
4615,6.083023
4616,5.77771
4617,6.107361
4618,4.540756
4619,5.660385
4620,5.1325226
4621,5.506546
4622,5.638977
4623,5.6797943
4624,44.191406
4625,54.158707
4626,51.06656
4627,51.661133
4628,41.61194
4629,31.510086
4630,36.219467
4631,6.074814
4632,6.641403
4633,6.015259
4634,6.677246
4635,6.561661
4636,6.2279663
4637,6.042038
4638,5.7999573
4639,5.8174744
4640,6.0390625
4641,5.0959473
4642,5.403183
4643,5.6967926
4644,5.6897736
4645,5.694931
4646,5.261902
4647,5.105423
4648,5.0959015
4649,5.429718
4650,5.6114197
4651,5.4159546
4652,24.96318
4653,31.982925
4654,33.82344
4655,26.287933
4656,24.40596
4657,31.705444
4658,21.234955
4659,5.2334747
4660,5.887512
4661,6.2794037
4662,6.3118286
4663,6.0702515
4664,5.526245
4665,6.7347717
4666,6.4134216
4667,6.5288086
4668,6.560013
4669,6.4507446
4670,5.641098
4671,6.533615
4672,6.2048798
4673,6.3840485
4674,6.1572723
4675,6.0150146
4676,5.694275
4677,5.6589355
4678,6.3655396
4679,5.9525146
4680,138.17168
4681,135.7805
4682,117.17413
4683,116.014366
4684,107.61213
4685,86.09742
4686,95.30482
4687,6.2184753
4688,5.806839
4689,6.674698
4690,5.9415436
4691,6.265259
4692,5.807541
4693,6.029373
4694,5.718277
4695,5.8272247
4696,5.8643036
4697,5.452423
4698,5.794098
4699,6.5822144
4700,5.610916
4701,5.811386
4702,5.675705
4703,5.9889984
4704,5.699585
4705,5.825348
4706,5.46756
4707,5.0695953
4708,59.23506
4709,65.53632
4710,71.983345
4711,68.20242
4712,64.396774
4713,54.455
4714,52.385574
4715,5.736328
4716,5.6473236
4717,5.5368347
4718,5.821533
4719,5.7637177
4720,5.878479
4721,6.2613373
4722,5.528366
4723,5.1723633
4724,5.394043
4725,5.975891
4726,5.999817
4727,5.8234863
4728,6.2437744
4729,5.7841187
4730,5.4398804
4731,5.4116516
4732,5.7214813
4733,6.01976
4734,5.6986237
4735,5.260376
4736,76.16417
4737,83.219795
4738,66.55268
4739,74.95916
4740,70.88903
4741,74.13944
4742,53.90297
4743,5.879135
4744,6.0038757
4745,5.6567535
4746,6.304489
4747,6.047989
4748,6.1407013
4749,6.0703735
4750,6.305954
4751,5.708481
4752,6.1054077
4753,6.304245
4754,6.457245
4755,6.0365753
4756,6.087219
4757,6.5228424
4758,6.408386
4759,5.9609833
4760,5.0943146
4761,6.324417
4762,5.542557
4763,5.4330597
4764,96.80766
4765,93.127655
4766,88.31247
4767,85.5821
4768,79.25521
4769,95.48832
4770,62.020905
4771,6.379593
4772,6.205826
4773,6.0920105
4774,6.0059814
4775,6.1108093
4776,6.2792053
4777,5.9884033
4778,5.5942383
4779,5.52829
4780,5.3851013
4781,5.2962646
4782,6.045883
4783,5.5977936
4784,5.7998962
4785,6.0835266
4786,5.4031677
4787,5.3545074
4788,4.4285736
4789,5.678116
4790,5.48407
4791,4.8516846
4792,33.66353
4793,38.001404
4794,42.113388
4795,42.85939
4796,35.23346
4797,25.751358
4798,33.378647
4799,5.312088
4800,5.435501
4801,5.517227
4802,5.8726196
4803,5.437729
4804,5.606201
4805,6.0315857
4806,4.944229
4807,5.8119354
4808,5.8961945
4809,5.8041077
4810,5.9765778
4811,5.8462524
4812,5.281494
4813,5.6449585
4814,6.111908
4815,5.2380524
4816,5.205536
4817,5.1832275
4818,5.823288
4819,4.8904877
4820,66.39249
4821,59.778168
4822,70.663765
4823,55.704254
4824,56.157593
4825,41.642563
4826,54.937195
4827,6.131424
4828,6.038147
4829,5.5259247
4830,6.0085144
4831,6.1739807
4832,5.8316803
4833,5.7900696
4834,5.835617
4835,5.621048
4836,5.397522
4837,5.6929626
4838,5.4992065
4839,5.099991
4840,5.3758698
4841,5.7493134
4842,4.352112
4843,5.3297577
4844,4.739456
4845,5.6426544
4846,5.5690155
4847,5.3431854
4848,25.326538
4849,22.120193
4850,27.253647
4851,27.110275
4852,20.908615
4853,15.968948
4854,10.491745
4855,5.458725
4856,6.0025635
4857,5.3780365
4858,5.1568146
4859,5.348175
4860,5.7066345
4861,6.953064
4862,6.886139
4863,8.00882
4864,7.532242
4865,6.98851
4866,7.1671143
4867,7.440735
4868,7.090866
4869,6.6916504
4870,7.7679596
4871,6.8628693
4872,7.059662
4873,6.937195
4874,7.4690247
4875,6.165146
4876,196.84933
4877,172.2877
4878,179.30717
4879,166.77779
4880,159.83318
4881,141.16156
4882,159.25589
4883,8.0299225
4884,7.375183
4885,7.402832
4886,6.7856293
4887,6.779373
4888,6.696701
4889,6.9282837
4890,6.691208
4891,6.5902557
4892,6.890259
4893,6.7092743
4894,6.771042
4895,7.2487183
4896,7.4581146
4897,6.2629547
4898,6.449585
4899,6.806839
4900,6.849243
4901,6.7147675
4902,6.414551
4903,6.189514
4904,155.62674
4905,171.19536
4906,156.90143
4907,156.92517
4908,132.09908
4909,114.61332
4910,111.23677
4911,7.0726776
4912,6.330017
4913,6.9287567
4914,6.9928436
4915,6.003418
4916,5.9033356
4917,6.2686157
4918,6.0737
4919,5.9321136
4920,5.188965
4921,6.1542206
4922,6.232712
4923,6.045105
4924,5.937851
4925,6.0181427
4926,5.2411346
4927,5.6076202
4928,6.0245667
4929,6.352463
4930,6.3270264
4931,6.007965
4932,85.78828
4933,87.832695
4934,82.53047
4935,89.53244
4936,72.42518
4937,68.332375
4938,66.78951
4939,6.1859283
4940,6.373749
4941,6.2640686
4942,5.629608
4943,5.675644
4944,5.527542
4945,6.1969147
4946,4.776016
4947,5.5269012
4948,5.5126953
4949,5.610199
4950,6.0041046
4951,6.1765594
4952,5.335663
4953,5.776184
4954,5.402771
4955,5.5287933
4956,5.291519
4957,5.831726
4958,5.356613
4959,4.757538
4960,54.615677
4961,56.051422
4962,57.95552
4963,52.088425
4964,47.220367
4965,34.229385
4966,36.005646
4967,5.102234
4968,5.252289
4969,5.907959
4970,5.8499146
4971,5.630951
4972,5.921234
4973,6.6950226
4974,6.556137
4975,6.3640747
4976,6.5234985
4977,7.5501556
4978,6.5914307
4979,6.821411
4980,5.941162
4981,6.3415833
4982,6.4273224
4983,6.658539
4984,6.5384064
4985,6.755127
4986,6.6667175
4987,6.5548096
4988,137.8541
4989,140.82669
4990,129.2904
4991,119.96199
4992,112.05129
4993,109.22191
4994,124.55793
4995,7.687607
4996,6.752182
4997,6.4535522
4998,6.21994
4999,6.8807526
5000,6.5153656
5001,6.8322906
5002,6.632431
5003,6.8649445
5004,6.5439606
5005,6.2042694
5006,6.911667
5007,6.575409
5008,6.5933228
5009,6.499771
5010,5.8996735
5011,6.6207886
5012,5.8010864
5013,6.1838226
5014,5.702408
5015,6.0430603
5016,100.2329
5017,112.74351
5018,118.04652
5019,109.3903
5020,104.943535
5021,87.37271
5022,88.59065
5023,6.522888
5024,6.7932587
5025,6.1216125
5026,6.6511993
5027,6.1916504
5028,5.806122
5029,6.306671
5030,5.730591
5031,6.371872
5032,6.0039673
5033,6.1874695
5034,5.7693024
5035,5.9325256
5036,6.284958
5037,5.945282
5038,6.166153
5039,5.8903046
5040,5.9630127
5041,6.3387756
5042,5.7994537
5043,5.6499786
5044,92.096405
5045,96.20458
5046,89.70504
5047,87.09048
5048,69.37819
5049,68.54264
5050,61.88655
5051,5.7770844
5052,5.84494
5053,6.795807
5054,5.981125
5055,5.7770233
5056,6.034546
5057,6.346878
5058,6.345413
5059,5.610367
5060,5.2837677
5061,6.0227356
5062,6.1135254
5063,5.970825
5064,5.893265
5065,6.15271
5066,5.9777985
5067,5.625946
5068,4.8867645
5069,6.0804596
5070,5.718109
5071,5.4072266
5072,66.83979
5073,71.23297
5074,74.69764
5075,65.64708
5076,51.56328
5077,61.903336
5078,56.1839
5079,5.930496
5080,5.6388855
5081,6.1526337
5082,6.2146606
5083,6.058029
5084,5.6993256
5085,6.3185577
5086,5.76355
5087,5.9137726
5088,5.959381
5089,5.9689636
5090,5.931595
5091,6.7776337
5092,5.7347717
5093,6.006531
5094,5.468048
5095,5.893158
5096,5.843979
5097,6.1061554
5098,5.8778687
5099,4.8666534
5100,60.063065
5101,60.535187
5102,70.36174
5103,77.379395
5104,50.094254
5105,56.8815
5106,47.02693
5107,5.8776703
5108,6.3305054
5109,7.1395874
5110,6.2910614
5111,6.7397614
5112,6.7074585
5113,5.9849396
5114,6.340164
5115,6.4617004
5116,5.583954
5117,6.293152
5118,5.8597565
5119,5.9827576
5120,6.284424
5121,6.2239227
5122,5.999878
5123,6.1552277
5124,6.150711
5125,5.9995575
5126,6.459915
5127,4.770462
5128,132.36566
5129,126.47369
5130,129.44531
5131,122.53203
5132,100.36137
5133,105.40793
5134,103.63887
5135,6.317169
5136,6.611145
5137,6.272278
5138,6.6478577
5139,5.8301697
5140,6.2216034
5141,6.5037994
5142,5.738617
5143,6.5403137
5144,6.19014
5145,6.689209
5146,7.380539
5147,6.2204742
5148,6.4230804
5149,6.026184
5150,5.8816223
5151,5.708603
5152,6.6331177
5153,5.992447
5154,5.9888153
5155,4.8590546
5156,115.33642
5157,113.3318
5158,105.265205
5159,96.837006
5160,90.039825
5161,81.777016
5162,70.41453
5163,6.2369995
5164,6.7572937
5165,6.808548
5166,6.4538116
5167,6.574005
5168,6.767914
5169,6.8341827
5170,7.3809967
5171,6.7486115
5172,6.9833527
5173,6.9391327
5174,6.856369
5175,6.8160706
5176,6.8631897
5177,7.6387787
5178,6.8558655
5179,9.507599
5180,11.791489
5181,7.1330414
5182,11.67746
5183,8.363739
5184,200.08025
5185,253.3933
5186,255.24501
5187,226.95638
5188,161.7706
5189,147.08545
5190,117.0222
5191,14.0354
5192,11.361191
5193,16.396805
5194,13.138031
5195,8.51123
5196,9.031311
5197,5.945877
5198,5.659424
5199,5.9660034
5200,5.744385
5201,5.9569855
5202,5.831665
5203,5.781067
5204,5.967407
5205,5.583084
5206,5.427124
5207,5.735443
5208,5.921402
5209,5.967087
5210,5.7218475
5211,5.746292
5212,68.11347
5213,73.11614
5214,66.634964
5215,66.34792
5216,58.269714
5217,55.380234
5218,59.077576
5219,5.383896
5220,6.3154755
5221,6.145508
5222,5.7636566
5223,6.2710876
5224,6.385788
5225,6.425644
5226,5.705536
5227,6.178482
5228,6.0284576
5229,6.272354
5230,6.314316
5231,6.190979
5232,6.0259705
5233,5.820465
5234,5.706909
5235,5.6362457
5236,5.5457153
5237,6.107788
5238,6.3041077
5239,4.975296
5240,107.86358
5241,110.02531
5242,89.44192
5243,94.38657
5244,74.73075
5245,84.63611
5246,84.33818
5247,6.049362
5248,5.459915
5249,6.145035
5250,5.887436
5251,5.8821106
5252,5.6525574
5253,6.713867
5254,6.492111
5255,6.2679443
5256,6.479721
5257,6.931717
5258,6.47937
5259,6.8056793
5260,7.1803894
5261,6.5468445
5262,6.7544556
5263,6.2398376
5264,6.8069763
5265,6.785019
5266,6.86998
5267,6.604431
5268,129.62956
5269,140.0771
5270,120.60331
5271,133.5222
5272,124.872284
5273,110.434845
5274,113.64726
5275,6.9718018
5276,6.2081146
5277,6.350876
5278,6.2661896
5279,6.0675964
5280,6.126404
5281,6.603775
5282,7.0607605
5283,6.8768005
5284,6.457672
5285,6.400055
5286,6.8397064
5287,6.5071564
5288,6.613434
5289,6.477188
5290,6.5772705
5291,6.8885803
5292,6.9229126
5293,6.7188263
5294,6.222519
5295,5.538391
5296,150.52374
5297,156.45409
5298,120.48948
5299,125.310745
5300,113.73282
5301,118.58318
5302,102.84734
5303,7.3407593
5304,7.2435913
5305,6.859955
5306,7.017105
5307,6.628647
5308,6.7647247
5309,6.2128754
5310,5.773941
5311,6.215576
5312,5.1321716
5313,5.3571777
5314,5.997055
5315,6.447815
5316,5.1235504
5317,5.0758514
5318,5.189514
5319,4.836334
5320,5.581665
5321,6.435608
5322,6.2613373
5323,5.388336
5324,90.42814
5325,86.937325
5326,99.28746
5327,90.874985
5328,72.598785
5329,60.212387
5330,74.54594
5331,6.0294952
5332,5.9297485
5333,5.829956
5334,6.0885315
5335,6.376419
5336,5.4930115
5337,6.224762
5338,6.0252075
5339,5.8412323
5340,5.893219
5341,6.0615845
5342,6.8842773
5343,7.2799225
5344,6.225525
5345,5.660141
5346,5.751587
5347,5.988968
5348,4.9729614
5349,6.441162
5350,6.23497
5351,6.1661987
5352,107.369316
5353,101.6268
5354,106.5896
5355,110.20596
5356,91.96951
5357,86.534706
5358,90.31715
5359,6.192505
5360,6.8519135
5361,6.073578
5362,6.755844
5363,6.2446136
5364,6.8288574
5365,6.693054
5366,6.428314
5367,6.2947693
5368,5.8234863
5369,6.528961
5370,6.3016663
5371,6.557892
5372,5.6962433
5373,6.307953
5374,5.8237305
5375,6.5176086
5376,5.3716583
5377,6.1637115
5378,6.330414
5379,4.8052216
5380,77.264946
5381,75.85726
5382,79.373116
5383,82.91994
5384,64.66971
5385,67.44818
5386,55.028976
5387,7.162781
5388,6.6173553
5389,6.637268
5390,7.046692
5391,6.0140533
5392,5.8942413
5393,6.413162
5394,6.483307
5395,6.2644806
5396,6.7414703
5397,6.6328278
5398,6.7399597
5399,5.807495
5400,5.953415
5401,5.6649475
5402,5.7119446
5403,5.7457733
5404,5.378128
5405,6.0358887
5406,5.8130035
5407,5.378113
5408,104.77079
5409,107.26812
5410,101.031555
5411,101.38629
5412,85.21821
5413,80.71238
5414,82.175316
5415,5.946228
5416,6.252594
5417,5.460785
5418,6.680786
5419,5.58815
5420,5.6315155
5421,6.573578
5422,6.2303925
5423,6.3593445
5424,6.065094
5425,6.5556793
5426,6.216736
5427,6.4608
5428,5.344101
5429,5.6782074
5430,5.6300507
5431,5.4184113
5432,5.3148956
5433,6.1219025
5434,5.11322
5435,5.815872
5436,85.73671
5437,97.364975
5438,91.00182
5439,88.895584
5440,78.24866
5441,76.620056
5442,58.22856
5443,6.2316895
5444,6.5221252
5445,6.5102844
5446,6.5435486
5447,5.636505
5448,6.3720093
5449,6.595291
5450,6.33992
5451,6.6866913
5452,5.885193
5453,6.4930115
5454,6.243744
5455,5.5709686
5456,6.2669373
5457,7.120804
5458,5.925812
5459,6.593857
5460,6.245529
5461,6.444931
5462,6.0473022
5463,5.4776
5464,84.51274
5465,88.49282
5466,86.391205
5467,89.44232
5468,79.84543
5469,63.045746
5470,67.84801
5471,6.6515045
5472,7.2149353
5473,7.1698303
5474,6.437973
5475,6.1712036
5476,6.9715424
5477,5.8775635
5478,5.7503815
5479,5.919037
5480,5.8037567
5481,5.6950836
5482,5.8263245
5483,5.483856
5484,5.796463
5485,5.272156
5486,4.8154755
5487,5.804947
5488,5.5119324
5489,5.6321564
5490,5.5184937
5491,5.4648285
5492,24.378922
5493,28.258667
5494,28.920975
5495,31.938904
5496,22.059998
5497,23.735641
5498,17.936905
5499,6.117111
5500,6.2247314
5501,6.2853546
5502,5.77446
5503,5.6121826
5504,6.0440674
5505,6.3083496
5506,5.938156
5507,5.894745
5508,5.7175903
5509,6.2392273
5510,6.1079407
5511,6.075012
5512,5.890991
5513,5.777054
5514,5.012787
5515,5.4314423
5516,5.3573303
5517,5.87175
5518,5.6191254
5519,4.488144
5520,78.86621
5521,75.8514
5522,78.86359
5523,75.86352
5524,58.204758
5525,65.94693
5526,59.41104
5527,5.219635
5528,6.50943
5529,5.726181
5530,6.443527
5531,6.3234406
5532,6.276947
5533,6.65979
5534,6.5184174
5535,6.1701965
5536,6.054413
5537,5.8856506
5538,6.3200226
5539,6.410431
5540,5.8293
5541,6.138794
5542,5.416168
5543,5.319107
5544,5.3804016
5545,5.865494
5546,5.725479
5547,4.9945374
5548,98.31274
5549,98.07395
5550,96.633766
5551,95.36766
5552,82.69097
5553,87.166405
5554,92.18217
5555,5.8090973
5556,6.383896
5557,6.3571625
5558,6.429428
5559,6.3766785
5560,6.5735474
5561,6.141205
5562,6.042389
5563,6.142334
5564,6.6321564
5565,6.167206
5566,6.3967743
5567,5.6339417
5568,6.834244
5569,5.311661
5570,5.761322
5571,5.551941
5572,6.187912
5573,5.9376526
5574,6.6969147
5575,5.133011
5576,87.47432
5577,92.19164
5578,80.38708
5579,89.5877
5580,65.50954
5581,57.631195
5582,63.01703
5583,6.5300293
5584,6.6922913
5585,6.2854156
5586,6.2742157
5587,6.755127
5588,6.0451508
5589,6.077347
5590,5.9247437
5591,6.1738586
5592,6.0571747
5593,6.688629
5594,6.4141846
5595,6.5892487
5596,5.6294556
5597,6.3041077
5598,5.6572723
5599,4.7039795
5600,5.251831
5601,5.730942
5602,5.4691772
5603,5.4753876
5604,130.00543
5605,108.42939
5606,112.17843
5607,103.44946
5608,100.557594
5609,82.303345
5610,82.42691
5611,5.3779297
5612,6.567581
5613,6.5577393
5614,6.070755
5615,6.3807983
5616,6.451233
5617,5.9810486
5618,5.6465454
5619,5.8294373
5620,6.1051483
5621,5.983856
5622,6.4196167
5623,6.3906403
5624,5.804138
5625,5.5480804
5626,4.766632
5627,5.681488
5628,5.749069
5629,6.2883453
5630,5.088684
5631,5.0405884
5632,46.09146
5633,57.509415
5634,62.773468
5635,48.580307
5636,36.294937
5637,41.046066
5638,42.28224
5639,5.928711
5640,5.4478455
5641,6.1944733
5642,5.7957153
5643,5.602478
5644,5.5210724
5645,6.265457
5646,5.4351807
5647,5.989334
5648,5.3294373
5649,5.3037415
5650,5.5881805
5651,5.481842
5652,5.76947
5653,5.051239
5654,5.1774597
5655,5.873596
5656,5.246399
5657,5.6431274
5658,5.312088
5659,4.815811
5660,30.539429
5661,33.931046
5662,36.61931
5663,34.75302
5664,26.308273
5665,22.52304
5666,24.971176
5667,6.062683
5668,5.663162
5669,6.560501
5670,5.847992
5671,6.1849823
5672,5.473419
5673,6.100006
5674,6.520523
5675,6.5801086
5676,6.976883
5677,5.8715515
5678,5.888275
5679,5.914627
5680,5.8522797
5681,5.9060974
5682,5.9825897
5683,6.3443604
5684,5.8196106
5685,5.8009186
5686,5.608383
5687,6.315872
5688,48.973923
5689,51.36075
5690,49.62935
5691,48.97339
5692,43.226685
5693,42.546783
5694,30.165512
5695,6.5640564
5696,7.295883
5697,7.0200195
5698,6.153412
5699,6.009094
5700,5.858078
5701,5.945236
5702,5.596512
5703,5.9049377
5704,5.199112
5705,5.3998566
5706,5.9594727
5707,5.5101776
5708,5.5949097
5709,5.6782227
5710,5.7184753
5711,4.8572693
5712,5.822235
5713,5.1764984
5714,5.4740143
5715,5.38974
5716,31.43724
5717,34.29474
5718,40.274475
5719,44.818085
5720,36.35472
5721,41.60843
5722,33.020203
5723,6.074188
5724,5.858032
5725,5.8732147
5726,5.915207
5727,5.3858643
5728,6.26947
5729,5.9371033
5730,5.603302
5731,5.894348
5732,5.6544952
5733,5.9869385
5734,5.979965
5735,5.638031
5736,5.424225
5737,6.0613403
5738,5.249466
5739,5.036972
5740,4.8351746
5741,5.28743
5742,5.3401947
5743,5.2247925
5744,30.440659
5745,28.858902
5746,35.983887
5747,42.537354
5748,23.840744
5749,20.243195
5750,28.625381
5751,5.193329
5752,5.7985535
5753,5.5594177
5754,6.7518463
5755,6.4398956
5756,6.5761566
5757,6.001831
5758,5.9884186
5759,6.7315063
5760,6.7598114
5761,5.228958
5762,5.6012115
5763,6.0953674
5764,5.807129
5765,5.81456
5766,5.754257
5767,6.36232
5768,5.602844
5769,5.7278137
5770,5.5986023
5771,5.584091
5772,42.71579
5773,55.53943
5774,49.853363
5775,62.619354
5776,49.05391
5777,48.27243
5778,46.632767
5779,5.0897064
5780,5.864044
5781,5.9919434
5782,6.184952
5783,6.0296783
5784,5.557434
5785,6.304657
5786,6.4176636
5787,5.947113
5788,5.75412
5789,5.8911896
5790,5.438507
5791,5.846878
5792,5.4729156
5793,5.668167
5794,5.892578
5795,4.6296844
5796,30.234589
5797,24.641586
5798,30.580566
5799,31.79454
5800,22.97142
5801,25.439087
5802,9.562393
5803,5.768051
5804,6.208145
5805,6.0938263
5806,6.184845
5807,6.154419
5808,6.523361
5809,5.5502014
5810,5.289978
5811,4.24411
5812,5.9451294
5813,6.261673
5814,5.1327667
5815,5.6945953
5816,23.028534
5817,33.448883
5818,28.936935
5819,34.72963
5820,21.87999
5821,21.049149
5822,22.450409
5823,6.0101624
5824,5.7911224
5825,6.0709686
5826,6.61615
5827,6.350876
5828,5.806671
5829,6.187393
5830,5.8231506
5831,5.951584
5832,6.337494
5833,5.9029236
5834,5.1724243
5835,5.1197357
5836,6.0898895
5837,4.4810944
5838,5.58992
5839,5.725876
5840,25.497223
5841,30.829132
5842,27.265732
5843,26.938232
5844,17.29329
5845,18.190262
5846,13.730316
5847,6.562027
5848,6.1380157
5849,6.3392334
5850,6.3376923
5851,6.5982513
5852,6.2251434
5853,6.054825
5854,5.334717
5855,5.7172394
5856,5.321228
5857,4.9394226
5858,5.362915
5859,5.6276703
5860,5.566086
5861,5.5706024
5862,4.0988464
5863,5.236496
5864,5.385315
5865,5.534729
5866,4.7606354
5867,4.1114807
5868,20.485046
5869,31.97081
5870,24.406143
5871,25.704895
5872,25.108124
5873,26.009033
5874,13.8515625
5875,5.808655
5876,5.8851013
5877,5.580124
5878,5.521652
5879,5.4250946
5880,5.506027
5881,5.752701
5882,5.3864594
5883,5.848648
5884,5.6438904
5885,5.437042
5886,5.9441223
5887,5.887924
5888,5.8481445
5889,5.8895416
5890,5.3840027
5891,5.739334
5892,5.6374817
5893,5.756195
5894,5.872772
5895,4.8957367
5896,36.97174
5897,41.37561
5898,53.949905
5899,53.631516
5900,34.79573
5901,39.043823
5902,45.35527
5903,5.2050323
5904,5.259613
5905,5.942795
5906,5.639099
5907,6.0820312
5908,6.136215
5909,5.97316
5910,6.319809
5911,5.907959
5912,5.8719177
5913,6.242996
5914,5.760559
5915,6.2795105
5916,5.656616
5917,5.8941345
5918,5.609543
5919,4.3925323
5920,5.486191
5921,5.859024
5922,4.964966
5923,5.292679
5924,52.84445
5925,52.735382
5926,57.300903
5927,51.11862
5928,41.58722
5929,53.44983
5930,38.39531
5931,6.1318054
5932,5.8878784
5933,6.6246033
5934,5.785675
5935,6.427124
5936,6.123932
5937,36.09108
5938,16.75502
5939,22.00438
5940,12.309631
5941,6.3670807
5942,6.6292267
5943,6.303482
5944,6.268814
5945,6.808182
5946,6.758774
5947,6.2957764
5948,5.9502716
5949,6.149338
5950,27.746399
5951,17.48851
5952,22.68132
5953,17.81343
5954,6.24942
5955,5.7742004
5956,6.1871643
5957,5.688019
5958,6.835205
5959,6.3111115
5960,26.119827
5961,17.405945
5962,18.767685
5963,26.835617
5964,6.402481
5965,6.072632
5966,6.1875763
5967,6.2447205
5968,6.0813293
5969,6.205139
