id,Demand
0,442.88626
1,169.89687
2,119.91398
3,106.678116
4,142.20447
5,112.348076
6,117.61661
7,110.823425
8,139.24692
9,80.49377
10,102.22509
11,147.34305
12,113.46092
13,184.73137
14,212.16212
15,175.70203
16,111.21569
17,114.38416
18,117.935265
19,128.9448
20,147.08513
21,123.83642
22,790.999
23,1124.4122
24,911.4103
25,952.91437
26,764.4723
27,762.1472
28,1250.3281
29,237.23264
30,316.8161
31,321.10492
32,472.40045
33,568.5276
34,520.3935
35,333.8479
36,291.65546
37,390.25766
38,519.724
39,468.15204
40,589.26666
41,644.05475
42,543.23517
43,909.70294
44,374.09387
45,306.70267
46,318.05377
47,414.98077
48,363.4705
49,342.67917
50,2255.0974
51,1813.597
52,1726.3746
53,1685.2826
54,1377.7462
55,1500.0935
56,895.6265
57,230.77432
58,195.58899
59,255.48767
60,246.558
61,255.6747
62,269.08862
63,280.92435
64,203.3745
65,218.81541
66,227.88548
67,219.40742
68,203.48792
69,262.1629
70,293.03552
71,314.00223
72,211.35832
73,188.11238
74,200.63359
75,194.20041
76,195.74535
77,168.66957
78,1368.7489
79,1886.0221
80,1469.4946
81,1295.1234
82,928.84717
83,844.9725
84,1271.9039
85,256.60492
86,178.90921
87,233.14613
88,269.94418
89,503.849
90,307.81396
91,303.52316
92,304.56882
93,164.2183
94,207.37811
95,215.58633
96,207.65558
97,237.64325
98,324.61923
99,339.05045
100,231.46577
101,248.65656
102,225.57286
103,223.46957
104,219.39087
105,168.88934
106,2608.4746
107,2215.7222
108,1906.9272
109,2061.7886
110,1326.8276
111,1102.1093
112,1052.5103
113,486.05264
114,543.7516
115,516.0906
116,992.8625
117,657.2991
118,670.39905
119,584.9822
120,548.9799
121,271.16446
122,306.96548
123,288.31052
124,295.33292
125,351.9072
126,369.45978
127,396.6561
128,288.72498
129,282.3674
130,329.17535
131,376.07742
132,353.3147
133,292.63318
134,2301.8494
135,2210.218
136,1785.0565
137,2411.8284
138,1465.3964
139,1469.827
140,1205.132
141,290.06888
142,260.6224
143,279.70477
144,381.25143
145,387.23105
146,397.89682
147,506.78387
148,380.69016
149,423.76758
150,530.294
151,539.6052
152,402.08917
153,423.75815
154,477.65497
155,769.0832
156,328.1299
157,352.16663
158,355.89554
159,388.02826
160,346.08505
161,302.9964
162,1002.8785
163,1673.6111
164,1343.2118
165,1465.1376
166,1403.83
167,1121.9589
168,596.40497
169,222.17535
170,171.76408
171,194.0695
172,211.54247
173,248.86142
174,242.25197
175,236.01314
176,239.01901
177,244.56212
178,355.04306
179,299.34033
180,253.50726
181,328.01172
182,389.8192
183,368.01144
184,266.13773
185,266.13773
186,276.77438
187,277.44565
188,287.62842
189,235.45059
190,683.2864
191,888.2014
192,808.2551
193,905.4285
194,869.7412
195,733.3184
196,1164.4683
197,212.43971
198,202.81195
199,226.42139
200,311.09445
201,327.52856
202,433.40845
203,428.74994
204,317.4228
205,941.80743
206,598.0779
207,525.1726
208,500.6129
209,692.7036
210,464.16043
211,747.7675
212,294.34653
213,345.94788
214,309.28293
215,345.43152
216,385.50952
217,254.58708
218,1203.3936
219,2642.2412
220,2344.7986
221,2127.4172
222,1689.7614
223,1922.1926
224,923.61774
225,263.4465
226,299.65918
227,407.67026
228,433.31662
229,439.48157
230,416.77628
231,372.7159
232,323.0018
233,355.4467
234,410.40866
235,340.8047
236,364.74338
237,442.92883
238,528.25244
239,556.5137
240,345.2136
241,352.17084
242,384.49786
243,421.30865
244,364.31992
245,346.49902
246,1769.1454
247,1603.3336
248,1018.1781
249,1226.1838
250,884.28687
251,1246.5308
252,380.48953
253,133.85277
254,133.79807
255,133.1737
256,129.3302
257,149.52376
258,150.61806
259,135.20583
260,150.03339
261,134.76929
262,155.29012
263,153.9151
264,199.82469
265,194.64597
266,183.34305
267,152.68237
268,123.042145
269,123.042145
270,127.551414
271,133.29538
272,131.89125
273,147.935
274,537.10974
275,514.8717
276,550.83655
277,512.82886
278,461.42368
279,427.71304
280,335.60434
281,108.05925
282,107.62248
283,96.12566
284,108.74707
285,119.57449
286,117.663864
287,179.34132
288,102.097305
289,82.340294
290,102.07753
291,158.2677
292,96.90467
293,159.01138
294,163.05782
295,171.49297
296,100.25485
297,107.70584
298,110.95992
299,112.37989
300,146.51868
301,54.697628
302,928.4403
303,816.98785
304,1033.629
305,983.57733
306,774.62213
307,229.10457
308,401.45422
309,128.96416
310,126.83525
311,126.83525
312,109.45462
313,123.18587
314,146.44164
315,124.21517
316,130.47433
317,87.682076
318,111.52872
319,131.59721
320,121.32512
321,173.9247
322,174.81058
323,147.71443
324,122.25062
325,122.25062
326,132.98643
327,149.20113
328,144.36272
329,137.71584
330,569.5015
331,603.45734
332,636.1933
333,670.4495
334,532.152
335,438.15506
336,672.1359
337,220.32152
338,188.84125
339,187.1876
340,252.02963
341,311.1126
342,284.39554
343,264.02985
344,247.1989
345,338.04803
346,349.6165
347,367.1967
348,365.52362
349,362.53964
350,447.0192
351,509.06995
352,330.87366
353,332.28082
354,322.5656
355,332.58398
356,301.55518
357,278.57654
358,1812.0607
359,1479.5815
360,1280.1571
361,1272.0986
362,679.53296
363,904.52045
364,253.41559
365,82.68382
366,113.02009
367,113.49446
368,101.687386
369,101.687386
370,98.130905
371,102.41872
372,91.88217
373,113.96866
374,116.86315
375,117.64798
376,93.37704
377,148.33351
378,155.2816
379,89.697716
380,92.490005
381,95.3845
382,96.16933
383,97.44329
384,107.151
385,113.74625
386,426.46133
387,343.18558
388,437.46985
389,407.97873
390,401.78943
391,376.76065
392,1702.6168
393,164.82814
394,243.39442
395,235.54362
396,249.9228
397,328.22958
398,388.80118
399,385.98083
400,279.4013
401,797.18274
402,399.43005
403,316.75085
404,467.0152
405,458.86145
406,546.4113
407,839.5848
408,317.0241
409,294.39844
410,356.5543
411,358.22058
412,364.56073
413,331.81595
414,2513.0908
415,2806.1611
416,2127.7156
417,1931.9717
418,2205.9482
419,1765.7213
420,1030.8187
421,324.724
422,275.62457
423,291.49008
424,370.48267
425,367.76694
426,389.60968
427,480.60916
428,330.41635
429,190.0303
430,450.556
431,613.6138
432,552.01166
433,493.50385
434,592.32324
435,936.49115
436,351.674
437,373.76492
438,428.33813
439,439.55676
440,475.33737
441,344.83035
442,2567.577
443,2836.755
444,2099.0579
445,1729.2062
446,1574.4321
447,1497.3885
448,421.74045
449,195.1977
450,152.37962
451,152.37962
452,172.02332
453,172.02332
454,157.80289
455,182.15738
456,157.84747
457,141.42026
458,190.4845
459,234.71689
460,202.30093
461,270.84863
462,405.73358
463,306.60757
464,201.77475
465,201.77475
466,197.56398
467,203.91835
468,202.38806
469,174.73912
470,530.98254
471,628.14514
472,628.55426
473,772.0734
474,773.048
475,644.14734
476,360.63733
477,101.62229
478,114.91305
479,114.91305
480,120.625854
481,120.625854
482,117.069374
483,97.33958
484,113.63581
485,95.23035
486,109.45452
487,128.62747
488,117.62073
489,172.5772
490,177.25311
491,120.62592
492,114.65255
493,114.65255
494,115.43738
495,116.71134
496,119.01905
497,109.92963
498,472.78653
499,414.1116
500,416.3316
501,436.29276
502,401.04333
503,408.55124
504,490.18436
505,219.66359
506,165.00609
507,132.8841
508,181.99545
509,214.6827
510,190.59744
511,185.56653
512,271.7229
513,161.84888
514,260.43265
515,276.6278
516,225.09738
517,265.10803
518,380.25055
519,383.60254
520,178.98949
521,184.2927
522,164.03532
523,163.42822
524,187.71625
525,179.4084
526,1053.7788
527,1958.4907
528,1768.2367
529,1148.5094
530,692.54706
531,1039.3231
532,479.65585
533,242.98676
534,163.94208
535,188.6295
536,222.00417
537,222.01823
538,225.55751
539,275.21637
540,264.8907
541,184.72128
542,194.03049
543,287.52808
544,239.87941
545,298.39212
546,412.36255
547,377.6331
548,210.11086
549,211.71333
550,218.323
551,214.77667
552,286.98584
553,266.301
554,1131.6984
555,1286.2808
556,1168.3177
557,1106.652
558,1073.465
559,1119.2224
560,386.7663
561,108.32242
562,108.90236
563,120.486916
564,120.625854
565,120.625854
566,117.069374
567,112.144424
568,88.164986
569,93.82234
570,105.81606
571,106.60089
572,99.799164
573,154.83496
574,97.207886
575,96.199165
576,101.88595
577,111.508415
578,102.67078
579,103.94474
580,136.89622
581,116.9233
582,511.3091
583,528.6343
584,529.6753
585,646.2297
586,517.6913
587,476.52737
588,201.9355
589,95.87706
590,98.51416
591,98.51416
592,99.29899
593,99.29899
594,99.360535
595,98.51416
596,98.51416
597,94.44594
598,102.6604
599,103.44523
600,92.43848
601,92.50002
602,110.04178
603,110.04178
604,104.068405
605,94.44594
606,95.23077
607,96.50473
608,109.83047
609,118.60656
610,223.16449
611,234.59906
612,234.59906
613,228.43965
614,231.20401
615,419.27658
616,480.48547
617,189.91197
618,140.74956
619,142.64815
620,142.59178
621,178.36647
622,172.58704
623,179.22029
624,185.2825
625,118.49508
626,137.16302
627,137.95088
628,188.34857
629,209.93379
630,217.74179
631,218.66568
632,136.24089
633,135.38629
634,140.19809
635,138.63242
636,134.33379
637,145.91924
638,474.43478
639,1089.4264
640,1087.5028
641,645.43506
642,833.6765
643,741.48035
644,1987.782
645,261.75235
646,310.79855
647,342.99786
648,354.6236
649,393.84964
650,416.3189
651,303.25864
652,380.2203
653,229.14586
654,516.0853
655,457.0563
656,479.02048
657,509.45056
658,643.7825
659,987.3021
660,320.07285
661,362.40015
662,365.4062
663,438.2504
664,380.3613
665,312.00446
666,2206.5608
667,3507.9685
668,1852.8236
669,2616.3276
670,2289.876
671,2637.006
672,262.72314
673,114.266525
674,109.57692
675,110.1746
676,121.381874
677,104.30802
678,178.51279
679,148.0326
680,132.63182
681,96.213524
682,113.83285
683,191.51572
684,120.26149
685,151.94046
686,174.73053
687,173.7218
688,110.94265
689,114.11112
690,113.188774
691,125.146194
692,147.41422
693,63.997368
694,528.02295
695,793.78455
696,905.4513
697,863.1686
698,1045.081
699,670.7857
700,1942.0691
701,295.18094
702,288.62885
703,292.49365
704,305.38885
705,405.3011
706,528.0027
707,335.42297
708,282.0562
709,362.8965
710,469.48944
711,674.3724
712,534.1839
713,792.3265
714,566.8128
715,888.46136
716,364.76404
717,389.3027
718,419.37668
719,410.07578
720,391.7904
721,355.84442
722,1376.398
723,1810.9468
724,1640.8146
725,1681.1741
726,1928.9784
727,1606.8284
728,366.265
729,92.017525
730,131.6554
731,118.39119
732,121.25021
733,121.25021
734,121.31176
735,97.963936
736,114.26017
737,85.60788
738,109.45452
739,110.23935
740,112.315506
741,157.80711
742,155.07497
743,98.44777
744,110.862526
745,110.862526
746,111.647354
747,103.29885
748,126.24705
749,113.539604
750,447.88507
751,348.6213
752,361.7619
753,366.70493
754,340.07028
755,341.9513
756,685.7213
757,201.69667
758,179.5787
759,143.83456
760,166.44412
761,221.15523
762,208.7002
763,195.23912
764,199.29288
765,155.9789
766,229.47617
767,210.02124
768,228.55249
769,232.59671
770,271.52115
771,172.39513
772,142.52013
773,153.74075
774,154.09958
775,142.52808
776,161.92453
777,169.56352
778,764.0156
779,596.7841
780,808.05365
781,907.84
782,959.1812
783,885.00903
784,1079.3362
785,295.4019
786,355.46213
787,375.55032
788,385.24854
789,411.4044
790,434.74393
791,384.36438
792,385.12076
793,407.04968
794,458.364
795,526.2376
796,524.32837
797,484.0357
798,521.4503
799,585.4716
800,387.7732
801,374.59872
802,394.48465
803,458.20297
804,477.93692
805,337.61783
806,2177.1892
807,2963.5085
808,2390.679
809,2458.8667
810,1215.4147
811,1690.7622
812,340.70834
813,92.017525
814,105.30828
815,118.39119
816,119.17602
817,120.625854
818,120.6874
819,112.144424
820,126.107155
821,112.21047
822,109.45452
823,110.23935
824,99.2326
825,121.4723
826,118.74015
827,120.62592
828,114.65255
829,114.65255
830,115.43738
831,116.71134
832,142.9087
833,109.92963
834,492.64926
835,509.67017
836,538.2752
837,510.67825
838,527.89136
839,489.6484
840,423.71725
841,142.92123
842,122.42088
843,122.42088
844,144.5035
845,125.08549
846,144.75388
847,148.84367
848,146.83632
849,132.69508
850,148.3273
851,207.62508
852,196.61833
853,188.88542
854,189.77132
855,158.85274
856,129.21252
857,129.21252
858,129.99734
859,136.30234
860,144.36272
861,121.06791
862,629.5332
863,501.14185
864,418.0028
865,414.04474
866,403.15057
867,359.27618
868,470.03085
869,162.40973
870,149.69972
871,129.21922
872,177.9686
873,186.41849
874,190.95233
875,185.61038
876,150.16882
877,126.7574
878,172.28242
879,219.7764
880,167.8803
881,211.65315
882,245.85562
883,173.69342
884,136.08337
885,151.24866
886,252.71902
887,145.08984
888,163.48225
889,167.35321
890,673.7845
891,1117.4338
892,727.97534
893,1122.3717
894,789.9611
895,608.7513
896,887.931
897,279.1455
898,223.30457
899,228.81454
900,308.83777
901,313.7
902,309.59317
903,400.1927
904,298.21594
905,307.0316
906,310.77975
907,352.55093
908,426.43326
909,328.31943
910,471.8693
911,531.8285
912,345.39484
913,335.68268
914,321.1232
915,337.93768
916,361.1612
917,304.63806
918,1791.2267
919,1721.3419
920,1783.3186
921,1576.9773
922,1632.5145
923,1190.4287
924,2935.7007
925,879.3388
926,724.05975
927,1332.1545
928,735.44403
929,830.93317
930,945.8649
931,803.46234
932,523.25543
933,1030.3268
934,1202.1536
935,1253.7349
936,1339.3425
937,1206.6243
938,1154.2867
939,1326.2034
940,767.6375
941,885.72736
942,1022.92194
943,807.87177
944,674.01465
945,984.14923
946,4208.3545
947,4965.6533
948,4500.708
949,4295.5596
950,3803.7905
951,3043.5054
952,723.10284
953,163.64336
954,180.70145
955,151.27057
956,200.91399
957,203.92493
958,205.7153
959,199.89099
960,206.26881
961,157.08212
962,194.76465
963,306.2064
964,194.59576
965,267.9043
966,339.3949
967,436.03207
968,320.46695
969,166.01431
970,159.12473
971,141.57466
972,162.10359
973,164.18611
974,767.7535
975,1626.9462
976,961.34015
977,1134.3367
978,642.91376
979,635.3391
980,671.57404
981,261.0077
982,214.59619
983,222.54861
984,298.22186
985,288.4337
986,281.79184
987,353.31934
988,276.1201
989,369.6557
990,423.14447
991,318.90646
992,217.93207
993,256.69858
994,361.05478
995,376.97498
996,213.62918
997,213.67726
998,279.3976
999,210.5963
1000,230.8918
1001,260.23987
1002,828.56354
1003,857.14606
1004,826.6306
1005,1038.9614
1006,539.3413
1007,800.97455
1008,1122.4512
1009,205.9715
1010,125.015686
1011,131.64343
1012,227.56802
1013,313.93945
1014,333.7014
1015,262.55417
1016,245.30602
1017,354.92633
1018,380.1247
1019,337.13412
1020,379.37347
1021,355.57205
1022,381.04572
1023,416.64725
1024,186.05055
1025,200.40022
1026,225.8887
1027,224.38298
1028,232.24792
1029,182.95334
1030,1387.6332
1031,2353.2888
1032,2083.254
1033,2312.0632
1034,1719.3392
1035,1188.1888
1036,1017.10565
1037,341.65305
1038,342.82285
1039,344.04834
1040,318.842
1041,272.7043
1042,292.09515
1043,284.54138
1044,258.84583
1045,279.99503
1046,470.27017
1047,341.41837
1048,324.3461
1049,257.73587
1050,390.92413
1051,398.5552
1052,314.7119
1053,293.11975
1054,244.53323
1055,296.59973
1056,306.79544
1057,591.7215
1058,1070.5831
1059,1624.0126
1060,1258.5844
1061,1573.3477
1062,1401.0515
1063,1405.8823
1064,1637.9194
1065,132.6545
1066,265.40692
1067,287.22495
1068,324.17462
1069,328.68097
1070,323.5768
1071,272.00455
1072,393.35352
1073,388.70233
1074,390.81805
1075,329.76312
1076,350.0427
1077,479.14752
1078,600.6305
1079,491.78854
1080,329.01633
1081,323.50235
1082,311.0948
1083,411.0805
1084,342.2902
1085,305.28214
1086,2079.4993
1087,2452.1511
1088,1365.3625
1089,1175.7733
1090,1838.237
1091,1747.4595
1092,1439.7584
1093,296.38333
1094,252.46364
1095,251.90407
1096,279.99774
1097,347.02493
1098,323.84625
1099,341.64548
1100,251.75824
1101,284.08643
1102,307.34277
1103,214.23224
1104,406.00293
1105,552.8886
1106,335.64844
1107,422.83258
1108,246.54243
1109,266.04004
1110,284.36987
1111,353.832
1112,323.10867
1113,288.8644
1114,1529.5929
1115,2185.9514
1116,1647.7737
1117,1722.5659
1118,1597.4076
1119,1300.258
1120,913.3602
1121,129.67953
1122,161.85149
1123,127.794235
1124,184.86787
1125,192.2896
1126,188.47281
1127,239.15184
1128,109.332985
1129,86.7883
1130,147.06723
1131,234.38252
1132,197.0593
1133,224.70236
1134,252.51
1135,319.5487
1136,139.55502
1137,141.01633
1138,241.31883
1139,165.2303
1140,126.33145
1141,164.30476
1142,716.1731
1143,957.666
1144,1004.8948
1145,783.60187
1146,947.25964
1147,748.0994
1148,1402.5432
1149,212.08524
1150,174.53706
1151,244.10774
1152,257.32843
1153,430.65323
1154,348.43698
1155,251.47864
1156,290.4179
1157,692.02527
1158,867.2112
1159,479.0709
1160,515.2822
1161,468.26282
1162,552.2598
1163,627.33606
1164,369.50546
1165,491.58987
1166,414.42755
1167,531.06067
1168,436.62177
1169,315.23566
1170,1731.0443
1171,3457.2773
1172,3534.8494
1173,3639.8438
1174,2220.1167
1175,1715.5199
1176,872.16394
1177,264.90637
1178,160.5211
1179,193.18266
1180,187.63965
1181,299.37564
1182,340.96417
1183,329.81836
1184,343.976
1185,169.20494
1186,334.23602
1187,262.5193
1188,311.83957
1189,483.98892
1190,352.8344
1191,349.70895
1192,237.04752
1193,246.07466
1194,294.72604
1195,311.8088
1196,277.76306
1197,242.23459
1198,1119.3137
1199,2264.5676
1200,1495.6438
1201,1719.0762
1202,1507.1168
1203,1624.8148
1204,991.6037
1205,171.04787
1206,137.36488
1207,154.52545
1208,186.70462
1209,211.2373
1210,274.48047
1211,248.63565
1212,131.8063
1213,130.8028
1214,145.51964
1215,241.5533
1216,154.609
1217,202.29568
1218,298.23557
1219,282.26685
1220,131.33014
1221,138.38074
1222,237.86014
1223,150.29742
1224,157.38257
1225,158.19202
1226,1178.625
1227,2342.531
1228,1557.9905
1229,1498.3938
1230,1161.6686
1231,761.3216
1232,1506.9281
1233,451.17374
1234,337.5135
1235,341.58817
1236,501.81766
1237,481.86703
1238,514.0788
1239,286.59366
1240,225.52516
1241,236.08983
1242,442.0524
1243,373.76752
1244,448.20694
1245,489.64554
1246,472.20062
1247,651.1357
1248,346.51456
1249,347.30936
1250,409.6777
1251,419.45374
1252,406.31036
1253,323.59286
1254,1649.0042
1255,2590.3694
1256,2247.6455
1257,3066.5964
1258,1478.1085
1259,1314.8582
1260,1221.5793
1261,236.85687
1262,262.40833
1263,228.84586
1264,396.79013
1265,320.49686
1266,445.42285
1267,404.91504
1268,312.09256
1269,312.7245
1270,344.59576
1271,283.41803
1272,266.31088
1273,534.48975
1274,568.77045
1275,545.4622
1276,283.622
1277,277.35196
1278,268.70953
1279,393.72296
1280,375.32953
1281,913.7197
1282,2244.865
1283,3690.863
1284,3212.6782
1285,3413.459
1286,2606.04
1287,2897.771
1288,1027.6047
1289,292.82645
1290,311.14545
1291,344.41275
1292,544.5751
1293,393.33258
1294,379.91367
1295,359.84097
1296,418.09372
1297,373.73328
1298,507.20782
1299,608.07355
1300,439.48282
1301,542.72363
1302,616.02625
1303,972.9541
1304,424.66638
1305,401.748
1306,428.5362
1307,455.4609
1308,336.81442
1309,365.28323
1310,1117.1975
1311,2366.2932
1312,1721.8622
1313,2363.4185
1314,1703.4855
1315,1169.7227
1316,1773.4196
1317,17.718447
1318,258.80615
1319,321.79053
1320,290.54266
1321,390.3344
1322,380.82083
1323,283.2336
1324,383.69916
1325,244.85542
1326,465.53522
1327,341.83408
1328,389.9833
1329,458.27496
1330,443.3555
1331,505.2778
1332,318.71317
1333,321.83896
1334,349.48215
1335,434.47284
1336,364.71936
1337,327.27267
1338,3125.1978
1339,3783.9915
1340,2688.6304
1341,3698.865
1342,2107.9207
1343,2380.3723
1344,799.1321
1345,263.40128
1346,227.27382
1347,128.82924
1348,203.82973
1349,205.56525
1350,227.1353
1351,237.77663
1352,189.68033
1353,152.1406
1354,173.09439
1355,232.6156
1356,185.33417
1357,272.47675
1358,270.1075
1359,263.0158
1360,141.31139
1361,142.56326
1362,150.39519
1363,176.9606
1364,193.86958
1365,149.93275
1366,578.8496
1367,548.43567
1368,572.2476
1369,503.56607
1370,484.5843
1371,191.25749
1372,254.14706
1373,93.603455
1374,100.39995
1375,95.4087
1376,98.09211
1377,108.60427
1378,111.05053
1379,112.72308
1380,95.1295
1381,103.662575
1382,99.115105
1383,160.78586
1384,151.38945
1385,150.72441
1386,147.71234
1387,147.98633
1388,99.44557
1389,99.44557
1390,100.2304
1391,104.11962
1392,143.99518
1393,113.52188
1394,661.2709
1395,487.02533
1396,646.3606
1397,772.3807
1398,430.526
1399,371.05838
1400,2824.6304
1401,682.8063
1402,519.68634
1403,683.4756
1404,1099.3447
1405,612.9567
1406,717.7127
1407,972.14087
1408,830.8136
1409,597.76965
1410,1119.6796
1411,1123.1375
1412,1138.725
1413,1200.6847
1414,1264.3536
1415,1488.0537
1416,527.40424
1417,608.33875
1418,684.013
1419,711.077
1420,649.9827
1421,556.47424
1422,2551.5273
1423,4691.35
1424,5007.8335
1425,4918.7344
1426,4693.2217
1427,4121.401
1428,1323.0256
1429,258.95377
1430,250.66936
1431,318.01138
1432,358.80295
1433,287.96164
1434,308.59454
1435,239.71806
1436,215.20886
1437,223.97107
1438,359.02847
1439,296.69073
1440,271.2773
1441,378.26154
1442,406.937
1443,469.77054
1444,279.51968
1445,300.26196
1446,327.74548
1447,345.09943
1448,261.74826
1449,194.72408
1450,1488.708
1451,1937.7333
1452,1366.5635
1453,2238.4563
1454,1068.793
1455,800.9803
1456,440.8471
1457,84.900925
1458,133.32904
1459,132.99771
1460,121.20746
1461,121.20746
1462,117.65098
1463,117.598526
1464,101.41069
1465,93.82234
1466,110.02109
1467,110.805916
1468,112.88207
1469,173.22308
1470,174.10898
1471,117.48179
1472,111.508415
1473,111.508415
1474,102.67078
1475,114.4218
1476,133.2545
1477,127.14247
1478,432.51996
1479,622.6094
1480,664.11066
1481,656.4987
1482,807.29584
1483,661.7401
1484,498.34384
1485,279.07874
1486,230.3977
1487,232.33862
1488,279.72275
1489,274.8779
1490,282.60098
1491,267.11548
1492,259.24585
1493,323.93796
1494,372.0616
1495,294.7568
1496,215.38971
1497,249.31912
1498,358.3955
1499,298.2712
1500,201.91277
1501,200.93825
1502,216.53307
1503,222.11247
1504,240.41496
1505,192.8172
1506,774.7956
1507,1003.5013
1508,839.8431
1509,980.6325
1510,1084.1049
1511,945.1558
1512,766.41376
1513,254.67302
1514,217.08775
1515,292.24127
1516,344.3897
1517,317.13638
1518,280.8437
1519,244.8595
1520,218.65709
1521,156.27165
1522,363.69223
1523,298.29553
1524,303.6293
1525,304.3383
1526,542.592
1527,368.2171
1528,203.88823
1529,227.00432
1530,197.1389
1531,211.44395
1532,200.74812
1533,168.62456
1534,562.0365
1535,1986.2893
1536,1768.8186
1537,1923.63
1538,1574.203
1539,1018.9855
1540,466.27545
1541,140.04068
1542,139.72443
1543,137.10918
1544,169.579
1545,178.47202
1546,176.08699
1547,240.86603
1548,179.23837
1549,102.55728
1550,141.8236
1551,198.94687
1552,193.72383
1553,185.99092
1554,179.38521
1555,212.86389
1556,131.75783
1557,116.74087
1558,128.66402
1559,132.55324
1560,169.5343
1561,119.73459
1562,997.15497
1563,979.7935
1564,792.0289
1565,515.72003
1566,532.81744
1567,395.87564
1568,545.1082
1569,249.87685
1570,209.44847
1571,150.15804
1572,189.85805
1573,240.27925
1574,237.0211
1575,248.77312
1576,199.43869
1577,204.70563
1578,157.59126
1579,239.97853
1580,193.72452
1581,279.658
1582,343.75037
1583,342.47504
1584,212.72327
1585,234.31726
1586,225.03697
1587,274.4463
1588,263.30658
1589,234.80399
1590,1057.85
1591,2272.4023
1592,1508.3596
1593,1304.684
1594,906.0732
1595,1127.4431
1596,2011.1481
1597,223.69398
1598,257.15305
1599,696.4434
1600,402.61288
1601,367.24207
1602,362.81735
1603,274.58536
1604,315.14352
1605,394.83878
1606,606.10815
1607,537.343
1608,530.36523
1609,786.283
1610,956.5791
1611,1077.3652
1612,456.5061
1613,278.2527
1614,288.5903
1615,431.62576
1616,405.57452
1617,300.75668
1618,2229.4443
1619,3047.622
1620,4905.551
1621,3123.2803
1622,2142.382
1623,1897.0481
1624,1187.1946
1625,313.7321
1626,279.85376
1627,248.90367
1628,359.5817
1629,300.65884
1630,308.30606
1631,374.9962
1632,358.42685
1633,438.32098
1634,764.4186
1635,508.30005
1636,473.47467
1637,449.95148
1638,464.9856
1639,848.1014
1640,339.4756
1641,343.26654
1642,387.56522
1643,420.90244
1644,344.03604
1645,317.09158
1646,1573.2954
1647,2243.7168
1648,2179.2007
1649,2095.576
1650,1404.9735
1651,1515.4226
1652,560.4457
1653,141.86626
1654,126.74823
1655,103.86158
1656,117.72932
1657,121.20746
1658,117.65098
1659,105.50024
1660,66.75774
1661,90.65387
1662,106.28605
1663,165.58383
1664,99.2326
1665,154.18907
1666,171.6421
1667,116.99607
1668,119.834045
1669,220.76198
1670,238.1947
1671,138.85503
1672,142.62941
1673,118.31158
1674,1138.6771
1675,1848.1349
1676,2000.3734
1677,2237.6572
1678,444.13446
1679,921.30194
1680,392.98065
1681,152.99164
1682,150.86273
1683,262.87643
1684,167.28764
1685,189.61032
1686,190.70462
1687,191.03464
1688,194.07771
1689,121.21304
1690,141.3269
1691,199.39883
1692,191.2813
1693,201.75761
1694,189.78885
1695,214.57108
1696,128.58936
1697,134.20036
1698,139.7352
1699,134.99577
1700,158.22345
1701,140.40948
1702,576.35175
1703,735.26074
1704,958.06573
1705,695.9099
1706,644.63794
1707,557.7838
1708,232.55925
1709,99.71268
1710,101.488625
1711,100.77195
1712,103.6065
1713,118.57651
1714,121.88406
1715,112.621925
1716,71.262115
1717,78.73313
1718,104.95273
1719,182.63866
1720,103.40903
1721,176.36723
1722,169.02686
1723,118.55723
1724,112.58387
1725,106.700264
1726,140.21634
1727,147.00006
1728,175.414
1729,135.10059
1730,809.93396
1731,769.9051
1732,546.8548
1733,754.3322
1734,905.3192
1735,778.05524
1736,446.9507
1737,129.93883
1738,134.0156
1739,124.236855
1740,147.10158
1741,123.50718
1742,147.02322
1743,146.00192
1744,140.69823
1745,129.01466
1746,147.46948
1747,148.2543
1748,141.47336
1749,191.41083
1750,208.97862
1751,156.70038
1752,135.38629
1753,136.57362
1754,137.35844
1755,142.85822
1756,154.04703
1757,147.935
1758,759.59515
1759,785.52216
1760,582.5064
1761,611.169
1762,578.41034
1763,521.1974
1764,218.88829
1765,93.603455
1766,90.824165
1767,99.92254
1768,96.19353
1769,106.13899
1770,114.242966
1771,111.04302
1772,84.27197
1773,82.692894
1774,100.4801
1775,157.40494
1776,118.33249
1777,154.90083
1778,155.05725
1779,89.47335
1780,92.26564
1781,101.88811
1782,93.05047
1783,99.83418
1784,96.2777
1785,100.25769
1786,510.31888
1787,586.14764
1788,588.3677
1789,467.27756
1790,527.11914
1791,500.38873
1792,1170.1403
1793,239.54306
1794,250.14163
1795,263.2659
1796,417.84808
1797,281.98392
1798,277.22406
1799,312.12164
1800,226.0187
1801,90.23979
1802,264.13803
1803,127.481895
1804,217.34906
1805,263.11942
1806,315.7521
1807,244.44505
1808,162.85562
1809,166.50407
1810,175.61658
1811,211.76352
1812,181.38805
1813,186.25232
1814,1414.1311
1815,2318.4392
1816,2721.0664
1817,1662.5791
1818,1244.486
1819,1365.9875
1820,420.09058
1821,96.86402
1822,120.577515
1823,94.93472
1824,121.559616
1825,121.20746
1826,117.91127
1827,119.55201
1828,114.29674
1829,88.26368
1830,100.20965
1831,165.6098
1832,102.45496
1833,152.67513
1834,162.5107
1835,117.48179
1836,111.508415
1837,108.61392
1838,111.10593
1839,121.35617
1840,120.73753
1841,127.14247
1842,707.96204
1843,761.06604
1844,685.96643
1845,927.7767
1846,515.6332
1847,618.3526
1848,1149.1464
1849,241.93797
1850,295.211
1851,269.66
1852,354.22583
1853,291.66547
1854,326.5159
1855,260.74173
1856,255.68668
1857,319.58386
1858,333.30716
1859,421.68
1860,348.6196
1861,344.7082
1862,490.6709
1863,448.2623
1864,373.60495
1865,312.2834
1866,310.28122
1867,346.98123
1868,331.8812
1869,314.63425
1870,1795.5264
1871,1798.7975
1872,1766.9489
1873,1943.4971
1874,1354.5358
1875,1472.6067
1876,1027.6239
1877,300.4468
1878,192.58116
1879,243.31456
1880,282.47626
1881,255.96718
1882,277.10336
1883,263.93988
1884,220.97241
1885,238.30956
1886,294.39938
1887,370.3793
1888,284.76462
1889,359.29666
1890,374.82224
1891,386.18353
1892,245.97585
1893,246.05656
1894,285.2229
1895,279.2158
1896,249.57693
1897,247.7878
1898,1364.3169
1899,1490.5538
1900,1069.4238
1901,1087.599
1902,930.8211
1903,840.01825
1904,892.5122
1905,176.71696
1906,155.75134
1907,147.21399
1908,192.75838
1909,187.71173
1910,190.68819
1911,264.65457
1912,223.55214
1913,139.9855
1914,151.3685
1915,250.44365
1916,164.7036
1917,215.49791
1918,209.0389
1919,295.55972
1920,174.88763
1921,160.39626
1922,155.08498
1923,161.2466
1924,166.26395
1925,168.48119
1926,673.3061
1927,753.5859
1928,897.2274
1929,817.58673
1930,861.09265
1931,402.8819
1932,1116.6556
1933,136.7474
1934,225.23363
1935,215.03268
1936,285.516
1937,275.24142
1938,346.61194
1939,321.03986
1940,235.61917
1941,362.69046
1942,372.28278
1943,345.8133
1944,303.71292
1945,287.82394
1946,441.62045
1947,451.83878
1948,166.94635
1949,278.549
1950,319.4586
1951,313.0045
1952,304.54572
1953,260.8442
1954,2196.576
1955,3546.0583
1956,2121.265
1957,2414.8523
1958,1244.0963
1959,1598.198
1960,688.4788
1961,211.2216
1962,235.49872
1963,222.26093
1964,258.5722
1965,248.35255
1966,232.25995
1967,228.37762
1968,163.20665
1969,102.31391
1970,196.70334
1971,197.25194
1972,113.28241
1973,166.85031
1974,207.66287
1975,210.54596
1976,113.9142
1977,217.61075
1978,221.69785
1979,140.9376
1980,150.25394
1981,158.53165
1982,804.29913
1983,1416.39
1984,979.81036
1985,1112.6663
1986,1033.7175
1987,1152.1631
1988,497.02496
1989,189.19101
1990,164.29877
1991,164.76865
1992,209.36734
1993,225.92496
1994,220.83597
1995,226.12434
1996,219.1415
1997,151.91483
1998,264.16046
1999,283.81235
2000,244.5321
2001,286.39737
2002,329.1434
2003,349.67334
2004,244.63112
2005,247.31229
2006,258.62204
2007,258.48914
2008,228.44452
2009,243.85457
2010,525.2647
2011,726.47943
2012,731.0745
2013,772.82947
2014,771.2178
2015,647.7688
2016,367.11362
2017,124.933235
2018,122.80432
2019,122.80432
2020,123.58915
2021,129.09872
2022,137.03036
2023,132.8892
2024,142.40764
2025,140.11996
2026,140.11996
2027,140.90479
2028,129.89804
2029,179.45734
2030,182.8489
2031,146.12605
2032,116.485825
2033,116.485825
2034,121.44708
2035,120.27851
2036,132.74998
2037,123.099205
2038,290.44522
2039,337.78687
2040,346.80914
2041,270.14548
2042,332.3281
2043,336.3921
2044,161.90703
2045,83.19038
2046,85.82748
2047,85.82748
2048,86.612305
2049,99.876495
2050,99.876495
2051,99.09167
2052,85.82748
2053,103.23791
2054,100.847015
2055,101.63184
2056,90.62509
2057,90.62509
2058,89.84026
2059,76.57607
2060,79.36836
2061,79.36836
2062,80.15319
2063,81.427155
2064,81.427155
2065,80.64233
2066,159.60005
2067,184.29881
2068,175.34515
2069,187.09306
2070,162.51564
2071,142.33658
2072,467.15018
2073,194.90758
2074,205.70213
2075,109.175385
2076,125.232185
2077,136.5648
2078,145.17429
2079,185.27066
2080,140.43785
2081,87.486824
2082,220.11086
2083,192.4508
2084,116.4702
2085,130.76718
2086,174.46767
2087,201.13264
2088,118.3194
2089,116.17462
2090,215.29227
2091,125.45036
2092,126.03627
2093,138.56133
2094,743.22156
2095,804.68866
2096,800.32367
2097,804.5874
2098,716.49445
2099,794.8383
2100,340.09946
2101,111.08778
2102,125.260284
2103,99.830666
2104,500.5675
2105,104.093636
2106,110.91962
2107,503.72668
2108,491.9713
2109,500.90567
2110,515.636
2111,572.0393
2112,95.20168
2113,185.36697
2114,569.61365
2115,509.9134
2116,503.94003
2117,603.4601
2118,487.93106
2119,126.88579
2120,126.88579
2121,528.6428
2122,955.22906
2123,873.8235
2124,854.54865
2125,729.8845
2126,624.72345
2127,791.04553
2128,366.47006
2129,130.4861
2130,133.60112
2131,135.97408
2132,153.7346
2133,153.7346
2134,184.45728
2135,182.26959
2136,177.11905
2137,137.7667
2138,166.66829
2139,228.32452
2140,153.55186
2141,212.06482
2142,278.62082
2143,235.36374
2144,141.84682
2145,148.91774
2146,149.2506
2147,148.8174
2148,148.8174
2149,145.1282
2150,741.38617
2151,597.34534
2152,738.3034
2153,842.72186
2154,631.8366
2155,538.1467
2156,602.2572
2157,243.44318
2158,198.25804
2159,195.70366
2160,239.4262
2161,225.72171
2162,237.75406
2163,247.33684
2164,295.08713
2165,222.70187
2166,200.9534
2167,251.67139
2168,182.73378
2169,265.52557
2170,313.1552
2171,283.9442
2172,184.94759
2173,184.22455
2174,190.70187
2175,195.38248
2176,183.98505
2177,165.96587
2178,818.5812
2179,947.21674
2180,1085.4331
2181,889.0554
2182,823.3405
2183,790.0712
2184,1412.9033
2185,143.07121
2186,92.155716
2187,224.54124
2188,296.61588
2189,244.10886
2190,323.3107
2191,229.26205
2192,246.27069
2193,308.36572
2194,294.04163
2195,256.67203
2196,250.06891
2197,313.61365
2198,521.6258
2199,334.49182
2200,183.46812
2201,185.39499
2202,205.2181
2203,213.96614
2204,185.86212
2205,165.25989
2206,1168.946
2207,2538.7112
2208,1897.0021
2209,2267.9675
2210,1396.4127
2211,1086.9891
2212,806.3057
2213,271.2909
2214,225.14284
2215,269.78525
2216,265.0395
2217,276.5944
2218,263.07242
2219,308.05942
2220,270.9874
2221,150.74251
2222,202.57649
2223,262.75354
2224,220.96765
2225,282.13153
2226,365.07993
2227,349.486
2228,251.28572
2229,245.10631
2230,256.59018
2231,269.78784
2232,254.46718
2233,216.74167
2234,588.2849
2235,948.0108
2236,748.2902
2237,756.2247
2238,1130.502
2239,834.2206
2240,326.03064
2241,97.31116
2242,125.048805
2243,108.97876
2244,100.14112
2245,103.61926
2246,104.093636
2247,104.82497
2248,97.10359
2249,94.31465
2250,102.52911
2251,161.8269
2252,92.30719
2253,172.10278
2254,171.31796
2255,112.804985
2256,105.644295
2257,103.93712
2258,104.72195
2259,105.99591
2260,99.26794
2261,110.61343
2262,850.0957
2263,681.1959
2264,640.7755
2265,469.3108
2266,594.62756
2267,187.27426
2268,297.4281
2269,81.179016
2270,94.46977
2271,97.947914
2272,98.73274
2273,101.38854
2274,101.38854
2275,99.979355
2276,99.979355
2277,106.270584
2278,106.270584
2279,107.05541
2280,96.04866
2281,154.56163
2282,167.9885
2283,109.47553
2284,103.50216
2285,103.50216
2286,104.28699
2287,105.56095
2288,118.82514
2289,123.9045
2290,345.67526
2291,303.06717
2292,316.0425
2293,305.0236
2294,294.68985
2295,411.3131
2296,457.83444
2297,164.87886
2298,155.37163
2299,148.3386
2300,196.46481
2301,218.58968
2302,196.69864
2303,203.57172
2304,201.33739
2305,108.24724
2306,150.1159
2307,244.21252
2308,195.6415
2309,262.4615
2310,339.9085
2311,357.6198
2312,200.62189
2313,170.33018
2314,166.42365
2315,183.2001
2316,168.04515
2317,156.41386
2318,491.51312
2319,636.9117
2320,726.64154
2321,856.1674
2322,727.5718
2323,1017.8143
2324,857.90027
2325,154.9033
2326,136.82927
2327,118.91434
2328,167.1713
2329,177.90578
2330,190.9072
2331,242.50166
2332,104.97368
2333,95.34995
2334,141.82391
2335,213.51747
2336,236.36615
2337,229.28905
2338,324.5926
2339,333.37805
2340,168.20056
2341,176.58983
2342,171.1374
2343,186.8486
2344,178.10127
2345,159.85495
2346,1171.5564
2347,2851.2969
2348,2331.9292
2349,2217.998
2350,1728.3346
2351,1632.4935
2352,140.17606
2353,96.05078
2354,121.607
2355,98.83058
2356,158.12383
2357,103.20764
2358,113.61786
2359,111.83166
2360,104.189606
2361,104.16323
2362,102.0034
2363,152.48912
2364,78.85881
2365,147.6792
2366,148.50098
2367,89.98801
2368,92.7803
2369,89.8858
2370,93.8391
2371,109.90924
2372,92.49781
2373,101.046326
2374,740.6819
2375,766.8841
2376,735.12103
2377,466.25812
2378,425.72656
2379,376.59283
2380,262.3905
2381,83.39678
2382,96.68754
2383,96.68754
2384,97.47237
2385,97.47237
2386,97.47237
2387,96.68754
2388,96.68754
2389,92.619316
2390,100.83378
2391,101.61861
2392,90.611855
2393,90.611855
2394,89.82703
2395,89.82703
2396,92.619316
2397,92.619316
2398,93.404144
2399,94.67811
2400,94.67811
2401,116.77994
2402,305.59024
2403,299.87827
2404,280.59064
2405,283.3849
2406,296.1504
2407,276.51843
2408,996.37244
2409,255.31367
2410,146.6074
2411,178.51953
2412,213.13708
2413,256.83902
2414,264.47574
2415,68.8961
2416,185.45644
2417,240.81552
2418,240.05548
2419,291.13184
2420,278.9179
2421,323.0891
2422,424.9339
2423,360.3966
2424,246.3325
2425,269.89117
2426,272.48135
2427,309.4203
2428,242.22446
2429,247.34294
2430,1198.4648
2431,2299.0945
2432,1951.8191
2433,1361.6904
2434,842.05273
2435,1076.0234
2436,423.8341
2437,107.62633
2438,112.07206
2439,112.07206
2440,120.005196
2441,120.005196
2442,119.38084
2443,104.215485
2444,118.44879
2445,116.82967
2446,133.14545
2447,192.44324
2448,140.21146
2449,184.79893
2450,181.51643
2451,153.2983
2452,121.21552
2453,121.21552
2454,122.00035
2455,123.274315
2456,134.01312
2457,146.10838
2458,511.65494
2459,624.2303
2460,538.695
2461,514.24493
2462,463.93497
2463,528.98505
2464,332.23386
2465,176.00533
2466,137.78493
2467,134.2938
2468,181.72665
2469,185.212
2470,200.86237
2471,184.89421
2472,242.48518
2473,143.82173
2474,160.47495
2475,239.72668
2476,242.4488
2477,230.70526
2478,263.8403
2479,245.85434
2480,159.70612
2481,176.354
2482,164.66661
2483,177.41771
2484,172.79042
2485,170.19096
2486,617.6682
2487,775.41486
2488,717.20026
2489,833.20624
2490,806.2082
2491,579.26526
2492,610.0289
2493,439.85715
2494,321.9006
2495,321.9006
2496,311.78363
2497,238.10951
2498,212.56023
2499,120.84093
2500,142.69826
2501,262.16534
2502,264.19116
2503,192.61378
2504,219.11823
2505,290.89456
2506,327.41324
2507,328.33905
2508,219.4926
2509,219.23628
2510,298.93405
2511,279.45367
2512,234.52531
2513,235.77399
2514,982.4006
2515,1294.1101
2516,1126.4918
2517,1347.3539
2518,814.1222
2519,665.7862
2520,384.6637
2521,132.50182
2522,141.8202
2523,134.97916
2524,144.43126
2525,154.99481
2526,187.13652
2527,100.18658
2528,181.09636
2529,134.85791
2530,147.34819
2531,193.4023
2532,204.61145
2533,199.14049
2534,223.37125
2535,207.11627
2536,119.662285
2537,119.662285
2538,136.5232
2539,139.87717
2540,140.73253
2541,130.74605
2542,725.40295
2543,597.3904
2544,630.5458
2545,737.2998
2546,689.6654
2547,456.68463
2548,343.85715
2549,127.137535
2550,125.00863
2551,125.00863
2552,127.35052
2553,170.16977
2554,148.7531
2555,143.42223
2556,141.76306
2557,130.86847
2558,142.32426
2559,144.84297
2560,133.83623
2561,203.48749
2562,196.64047
2563,157.02612
2564,127.38591
2565,127.38591
2566,128.17073
2567,133.62112
2568,122.26475
2569,119.24129
2570,588.2862
2571,661.7061
2572,501.3612
2573,628.60333
2574,455.20453
2575,465.6128
2576,1102.4763
2577,242.3881
2578,322.32593
2579,238.78308
2580,271.18198
2581,210.1298
2582,323.16522
2583,359.30124
2584,170.7356
2585,162.17819
2586,242.17525
2587,229.53334
2588,161.85504
2589,287.46716
2590,340.65988
2591,277.00455
2592,163.84071
2593,164.83772
2594,171.78581
2595,261.8203
2596,176.36237
2597,169.05746
2598,955.3621
2599,1327.5225
2600,1220.3875
2601,818.50507
2602,1167.8784
2603,1386.1198
2604,430.0979
2605,143.20697
2606,120.782455
2607,151.38525
2608,150.95721
2609,153.60634
2610,183.6861
2611,189.0482
2612,184.75374
2613,138.46747
2614,158.27753
2615,238.01802
2616,140.9643
2617,135.1124
2618,230.41182
2619,128.39543
2620,121.82722
2621,124.72171
2622,125.08054
2623,150.09949
2624,146.71246
2625,164.38486
2626,638.61957
2627,670.4403
2628,884.7849
2629,821.1615
2630,731.41974
2631,814.7308
2632,458.10507
2633,197.8274
2634,168.04265
2635,174.95921
2636,188.33174
2637,177.96786
2638,204.79292
2639,205.08345
2640,193.34987
2641,148.59544
2642,248.55879
2643,243.07233
2644,164.16928
2645,279.52264
2646,335.85086
2647,279.19507
2648,171.46776
2649,174.39085
2650,179.81393
2651,206.1089
2652,170.25987
2653,166.75885
2654,545.1643
2655,612.27454
2656,770.72144
2657,807.5802
2658,710.00275
2659,1130.6024
2660,417.75952
2661,173.5178
2662,155.42989
2663,145.28441
2664,191.83588
2665,187.90932
2666,216.78566
2667,151.10382
2668,197.64764
2669,127.11021
2670,168.39458
2671,215.88853
2672,241.69066
2673,301.69208
2674,283.43536
2675,329.61453
2676,161.6671
2677,161.6671
2678,168.16884
2679,185.46059
2680,169.89592
2681,169.91171
2682,1104.6776
2683,773.1616
2684,1115.6069
2685,989.7427
2686,776.8457
2687,627.85004
2688,392.61923
2689,180.32979
2690,150.49889
2691,160.86165
2692,102.15462
2693,146.59175
2694,138.89284
2695,119.06698
2696,125.12918
2697,112.3991
2698,128.0313
2699,128.92725
2700,125.15027
2701,151.00235
2702,151.5012
2703,155.90674
2704,148.22618
2705,133.22932
2706,170.54109
2707,135.28812
2708,132.14407
2709,112.279434
2710,502.27515
2711,640.2256
2712,755.1061
2713,662.7746
2714,822.70984
2715,513.44
2716,1202.8655
2717,171.83789
2718,188.41815
2719,182.28409
2720,191.51872
2721,198.42455
2722,211.11012
2723,161.3654
2724,261.63675
2725,156.8737
2726,172.72897
2727,255.51128
2728,181.77477
2729,166.08498
2730,256.15518
2731,259.94965
2732,166.57793
2733,223.85257
2734,172.38673
2735,174.01457
2736,179.36386
2737,171.32344
2738,1244.4113
2739,1790.633
2740,1644.6356
2741,2000.4606
2742,1578.3153
2743,1466.5677
2744,1004.5364
2745,189.65288
2746,180.28952
2747,152.34424
2748,188.20105
2749,205.53389
2750,287.2327
2751,280.27026
2752,173.68156
2753,197.63022
2754,201.88837
2755,186.77982
2756,188.46835
2757,288.76492
2758,288.35495
2759,307.65967
2760,214.49951
2761,209.93158
2762,243.8413
2763,190.83295
2764,173.05905
2765,172.13257
2766,1681.9858
2767,2615.694
2768,1881.8181
2769,1886.7906
2770,1734.2012
2771,1356.0394
2772,366.1236
2773,119.94445
2774,104.19342
2775,113.81589
2776,104.97825
2777,104.97825
2778,104.97825
2779,104.19342
2780,104.19342
2781,108.33966
2782,108.33966
2783,112.48834
2784,101.48159
2785,98.11774
2786,97.33291
2787,97.33291
2788,109.747665
2789,109.747665
2790,110.53249
2791,111.80646
2792,107.63003
2793,117.666855
2794,431.49963
2795,550.2922
2796,465.1527
2797,527.05396
2798,616.24475
2799,409.76068
2800,269.00723
2801,269.00723
2802,269.00723
2803,249.09436
2804,258.36154
2805,504.74292
2806,520.3751
2807,460.80167
2808,475.07397
2809,475.07397
2810,518.7875
2811,532.09064
2812,328.09412
2813,328.09412
2814,334.7038
2815,343.76672
2816,343.76672
2817,323.85388
2818,713.4669
2819,730.84296
2820,730.84296
2821,725.84827
2822,665.3048
2823,654.0794
2824,258.36154
2825,504.74292
2826,520.3751
2827,460.80167
2828,475.07397
2829,475.07397
2830,518.7875
2831,532.09064
2832,328.09412
2833,328.09412
2834,334.7038
2835,343.76672
2836,343.76672
2837,323.85388
2838,713.4669
2839,730.84296
2840,730.84296
2841,725.84827
2842,665.3048
2843,654.0794
2844,269.00723
2845,269.00723
2846,269.00723
2847,249.09436
2848,258.36154
2849,504.74292
2850,520.3751
2851,460.80167
2852,475.07397
2853,475.07397
2854,518.7875
2855,532.09064
2856,328.09412
2857,328.09412
2858,334.7038
2859,343.76672
2860,343.76672
2861,323.85388
2862,713.4669
2863,730.84296
2864,730.84296
2865,725.84827
2866,665.3048
2867,654.0794
2868,338.26312
2869,97.37989
2870,100.01699
2871,100.01699
2872,100.80182
2873,100.80182
2874,100.80182
2875,96.66065
2876,96.66065
2877,104.16323
2878,104.16323
2879,108.31191
2880,115.69329
2881,113.676926
2882,112.8921
2883,112.8921
2884,106.918724
2885,106.918724
2886,111.87998
2887,113.153946
2888,101.797585
2889,135.10306
2890,527.6717
2891,494.5193
2892,563.3404
2893,643.43805
2894,699.7944
2895,419.4754
2896,167.06705
2897,77.66265
2898,90.95341
2899,90.95341
2900,67.00549
2901,99.81514
2902,102.37582
2903,91.27502
2904,89.75469
2905,104.16323
2906,104.16323
2907,410.0286
2908,198.14395
2909,185.8803
2910,188.27838
2911,93.15648
2912,95.94877
2913,95.94877
2914,103.46157
2915,107.63003
2916,107.63003
2917,101.046326
2918,243.64586
2919,357.53842
2920,359.75845
2921,369.80893
2922,415.3263
2923,489.19397
2924,311.3896
2925,80.8572
2926,111.984535
2927,98.57029
2928,99.61541
2929,102.83326
2930,102.83326
2931,120.18512
2932,115.95851
2933,117.42742
2934,117.42742
2935,116.05242
2936,104.311005
2937,165.71848
2938,164.93364
2939,108.127846
2940,95.94877
2941,95.94877
2942,93.8391
2943,95.11307
2944,111.27175
2945,112.752686
2946,1013.8922
2947,460.5528
2948,530.3774
2949,422.2717
2950,550.0191
2951,505.6053
2952,334.7038
2953,343.76672
2954,343.76672
2955,323.85388
2956,713.4669
2957,730.84296
2958,730.84296
2959,725.84827
2960,665.3048
2961,654.0794
2962,725.84827
2963,665.3048
2964,654.0794
2965,334.7038
2966,343.76672
2967,343.76672
2968,323.85388
2969,713.4669
2970,730.84296
2971,730.84296
2972,725.84827
2973,665.3048
2974,654.0794
2975,334.7038
2976,343.76672
2977,343.76672
2978,323.85388
2979,713.4669
2980,730.84296
2981,730.84296
2982,725.84827
2983,665.3048
2984,654.0794
2985,2.8209696
2986,2.8209696
2987,2.8209696
2988,2.8209696
2989,3.6057973
2990,3.6057973
2991,4.2925477
2992,2.8209696
2993,2.8209696
2994,2.8209696
2995,4.8269076
2996,5.611736
2997,5.611736
2998,5.673282
2999,4.8269076
3000,92.883606
3001,92.883606
3002,92.883606
3003,89.319084
3004,86.69429
3005,55.033836
3006,53.899483
3007,4.850802
3008,4.850802
3009,4.850802
3010,8.429892
3011,8.429892
3012,8.491439
3013,4.8269076
3014,4.2017016
3015,4.8269076
3016,4.8269076
3017,5.611736
3018,5.611736
3019,5.673282
3020,4.8269076
3021,4.2017016
3022,4.2017016
3023,4.2017016
3024,4.98653
3025,4.98653
3026,5.048076
3027,4.2017016
3028,114.2996
3029,138.14214
3030,138.14214
3031,138.14214
3032,126.979034
3033,91.754005
3034,92.32578
3035,4.850802
3036,4.850802
3037,5.476008
3038,8.429892
3039,8.429892
3040,9.116645
3041,2.8209696
3042,2.8209696
3043,2.8209696
3044,2.8209696
3045,3.6057973
3046,3.6057973
3047,4.2925477
3048,2.8209696
3049,2.8209696
3050,2.8209696
3051,4.2017016
3052,4.98653
3053,4.98653
3054,3.6673439
3055,4.2017016
3056,68.048996
3057,68.048996
3058,68.048996
3059,68.048996
3060,61.85974
3061,47.679295
3062,50.10945
3063,3.4700675
3064,3.4700675
3065,3.4700675
3066,7.049151
3067,7.049151
3068,7.1106973
3069,2.8209696
3070,2.8209696
3071,2.8209696
3072,2.8209696
3073,3.6057973
3074,4.2310014
3075,4.2925477
3076,2.8209696
3077,2.8209696
3078,2.8209696
3079,2.8209696
3080,3.6057973
3081,3.6057973
3082,3.6673439
3083,2.8209696
3084,80.377304
3085,80.377304
3086,75.40354
3087,71.83903
3088,65.64975
3089,51.469326
3090,71.37948
3091,1.8882257
3092,1.8882257
3093,1.8882257
3094,5.4673095
3095,5.4673095
3096,5.528856
3097,4.2017016
3098,4.2017016
3099,4.2017016
3100,4.8269076
3101,5.611736
3102,5.611736
3103,5.673282
3104,4.8269076
3105,4.2017016
3106,4.2017016
3107,4.2017016
3108,4.98653
3109,4.98653
3110,5.673282
3111,4.8269076
3112,108.220634
3113,108.220634
3114,108.220634
3115,108.220634
3116,97.057556
3117,65.39706
3118,63.84069
3119,1.8882257
3120,1.8882257
3121,1.8882257
3122,5.4673095
3123,5.4673095
3124,6.15406
3125,2.8209696
3126,2.8209696
3127,2.8209696
3128,2.8209696
3129,3.6057973
3130,3.6057973
3131,4.2925477
3132,3.4461737
3133,2.8209696
3134,4.8269076
3135,4.2017016
3136,3.6057973
3137,3.6057973
3138,3.6673439
3139,2.8209696
3140,114.2996
3141,114.2996
3142,109.325836
3143,103.24687
3144,97.057556
3145,65.39706
3146,74.84571
3147,3.4700675
3148,3.4700675
3149,3.4700675
3150,7.049151
3151,7.049151
3152,7.7359033
3153,2.8209696
3154,2.8209696
3155,2.8209696
3156,2.8209696
3157,3.6057973
3158,4.2310014
3159,3.6673439
3160,2.8209696
3161,4.2017016
3162,2.8209696
3163,2.8209696
3164,3.6057973
3165,3.6057973
3166,3.6673439
3167,2.8209696
3168,55.945847
3169,55.945847
3170,55.945847
3171,55.945847
3172,49.75654
3173,53.056164
3174,47.972794
3175,3.4700675
3176,3.4700675
3177,3.4700675
3178,7.049151
3179,7.049151
3180,7.1106973
3181,6.413511
3182,6.413511
3183,6.413511
3184,6.413511
3185,7.198339
3186,7.198339
3187,7.2598853
3188,2.258243
3189,6.413511
3190,53.58258
3191,52.775265
3192,55.001987
3193,47.481487
3194,47.543034
3195,46.69666
3196,169.03993
3197,220.11159
3198,201.02821
3199,180.1444
3200,173.9551
3201,145.73138
3202,75.42755
3203,47.991646
3204,47.345764
3205,47.345764
3206,50.92485
3207,50.92485
3208,50.986397
3209,4.8269076
3210,4.8269076
3211,4.8269076
3212,4.8269076
3213,5.611736
3214,5.611736
3215,5.673282
3216,4.8269076
3217,6.413511
3218,6.413511
3219,6.413511
3220,7.198339
3221,7.198339
3222,8.701781
3223,7.8554034
3224,114.2996
3225,108.220634
3226,108.220634
3227,108.220634
3228,97.057556
3229,61.832554
3230,86.24682
3231,6.437403
3232,6.437403
3233,5.476008
3234,9.055098
3235,9.055098
3236,9.116645
3237,4.8269076
3238,4.2017016
3239,4.2017016
3240,4.2017016
3241,5.611736
3242,5.611736
3243,5.673282
3244,4.8269076
3245,4.8269076
3246,4.8269076
3247,4.8269076
3248,5.611736
3249,5.611736
3250,5.673282
3251,4.8269076
3252,114.2996
3253,108.220634
3254,103.24687
3255,103.24687
3256,93.493034
3257,61.832554
3258,86.24682
3259,5.476008
3260,4.850802
3261,4.850802
3262,8.429892
3263,9.055098
3264,9.116645
3265,4.8269076
3266,4.8269076
3267,4.8269076
3268,4.8269076
3269,5.611736
3270,5.611736
3271,5.673282
3272,4.8269076
3273,4.2017016
3274,0.8453664
3275,4.2017016
3276,4.98653
3277,4.98653
3278,5.048076
3279,4.2017016
3280,97.85737
3281,97.85737
3282,97.85737
3283,83.24012
3284,77.050804
3285,45.39036
3286,54.911987
3287,4.850802
3288,4.850802
3289,5.476008
3290,8.429892
3291,8.429892
3292,9.116645
3293,2.8209696
3294,2.8209696
3295,2.8209696
3296,2.8209696
3297,3.6057973
3298,3.6057973
3299,3.6673439
3300,3.4461737
3301,4.8269076
3302,4.8269076
3303,4.8269076
3304,5.611736
3305,5.611736
3306,5.673282
3307,6.413511
3308,114.2996
3309,108.220634
3310,132.06319
3311,132.06319
3312,125.873825
3313,100.29229
3314,74.84571
3315,4.850802
3316,4.850802
3317,4.850802
3318,8.429892
3319,8.429892
3320,9.116645
3321,4.2017016
3322,4.2017016
3323,-2.287466
3324,4.2017016
3325,4.98653
3326,4.98653
3327,5.048076
3328,4.8269076
3329,4.8269076
3330,1.4705722
3331,1.4705722
3332,7.198339
3333,7.198339
3334,7.2598853
3335,6.413511
3336,83.59269
3337,111.83225
3338,111.83225
3339,100.99357
3340,55.734962
3341,59.880493
3342,42.587273
3343,9.136805
3344,7.0626082
3345,7.0626082
3346,9.055098
3347,9.055098
3348,9.116645
3349,2.8209696
3350,2.8209696
3351,2.8209696
3352,2.8209696
3353,3.6057973
3354,3.6057973
3355,3.6673439
3356,2.8209696
3357,4.8269076
3358,4.8269076
3359,6.413511
3360,7.198339
3361,7.198339
3362,7.2598853
3363,6.413511
3364,55.945847
3365,55.945847
3366,55.945847
3367,55.945847
3368,49.75654
3369,35.57609
3370,38.00625
3371,7.0626082
3372,7.0626082
3373,7.0626082
3374,9.055098
3375,9.055098
3376,8.491439
3377,2.8209696
3378,2.8209696
3379,2.8209696
3380,2.8209696
3381,3.6057973
3382,3.6057973
3383,3.6673439
3384,2.8209696
3385,2.8209696
3386,4.8269076
3387,4.8269076
3388,4.98653
3389,5.611736
3390,5.673282
3391,4.8269076
3392,97.85737
3393,97.85737
3394,97.85737
3395,92.883606
3396,86.69429
3397,55.033836
3398,58.403553
3399,5.476008
3400,5.476008
3401,5.476008
3402,8.429892
3403,8.429892
3404,8.491439
3405,4.2017016
3406,4.2017016
3407,-2.287466
3408,4.8269076
3409,5.611736
3410,4.98653
3411,5.048076
3412,4.8269076
3413,4.2017016
3414,2.8209696
3415,2.8209696
3416,3.6057973
3417,3.6057973
3418,3.6673439
3419,2.8209696
3420,97.85737
3421,91.778404
3422,91.778404
3423,91.778404
3424,80.615326
3425,48.954872
3426,52.32459
3427,3.4700675
3428,3.4700675
3429,3.4700675
3430,7.049151
3431,7.049151
3432,7.7359033
3433,4.8269076
3434,4.8269076
3435,4.8269076
3436,4.8269076
3437,5.611736
3438,5.611736
3439,5.673282
3440,4.8269076
3441,4.2017016
3442,4.2017016
3443,4.2017016
3444,4.98653
3445,4.98653
3446,5.048076
3447,4.2017016
3448,97.85737
3449,92.883606
3450,92.883606
3451,92.883606
3452,86.69429
3453,55.033836
3454,53.899483
3455,4.850802
3456,4.850802
3457,4.850802
3458,8.429892
3459,8.429892
3460,9.116645
3461,2.8209696
3462,2.8209696
3463,2.8209696
3464,2.8209696
3465,3.6057973
3466,3.6057973
3467,3.6673439
3468,2.8209696
3469,2.8209696
3470,2.8209696
3471,4.8269076
3472,5.611736
3473,5.611736
3474,5.673282
3475,4.2017016
3476,109.325836
3477,109.325836
3478,109.325836
3479,109.325836
3480,103.13652
3481,71.47601
3482,70.34164
3483,3.4700675
3484,3.4700675
3485,3.4700675
3486,7.049151
3487,7.049151
3488,7.1106973
3489,2.8209696
3490,2.8209696
3491,2.8209696
3492,2.8209696
3493,3.6057973
3494,3.6057973
3495,3.6673439
3496,3.4461737
3497,4.8269076
3498,4.8269076
3499,4.8269076
3500,4.98653
3501,4.98653
3502,5.048076
3503,4.2017016
3504,103.24687
3505,103.24687
3506,99.68235
3507,99.68235
3508,99.572
3509,71.47601
3510,59.95311
3511,4.850802
3512,4.850802
3513,4.850802
3514,8.429892
3515,8.429892
3516,9.116645
3517,2.8209696
3518,2.8209696
3519,2.8209696
3520,2.8209696
3521,3.6057973
3522,3.6057973
3523,3.6673439
3524,3.4461737
3525,2.8209696
3526,2.8209696
3527,4.8269076
3528,5.611736
3529,5.611736
3530,5.673282
3531,4.8269076
3532,97.85737
3533,97.85737
3534,97.85737
3535,92.883606
3536,86.69429
3537,51.469326
3538,58.403553
3539,3.4700675
3540,3.4700675
3541,3.4700675
3542,7.049151
3543,7.049151
3544,7.7359033
3545,4.2017016
3546,4.2017016
3547,4.2017016
3548,4.2017016
3549,5.611736
3550,5.611736
3551,5.673282
3552,4.2017016
3553,4.2017016
3554,4.2017016
3555,4.2017016
3556,4.98653
3557,4.98653
3558,5.048076
3559,4.2017016
3560,68.048996
3561,68.048996
3562,68.048996
3563,68.048996
3564,61.85974
3565,47.679295
3566,67.589455
3567,4.850802
3568,4.850802
3569,4.850802
3570,8.429892
3571,8.429892
3572,8.491439
3573,4.8269076
3574,4.8269076
3575,4.8269076
3576,4.8269076
3577,5.611736
3578,5.611736
3579,5.673282
3580,4.2017016
3581,4.2017016
3582,2.8209696
3583,2.8209696
3584,3.6057973
3585,3.6057973
3586,3.6673439
3587,2.8209696
3588,85.52906
3589,85.52906
3590,85.52906
3591,85.52906
3592,79.339745
3593,65.15932
3594,67.589455
3595,3.4700675
3596,3.4700675
3597,3.4700675
3598,7.049151
3599,7.049151
3600,7.1106973
3601,4.2017016
3602,4.8269076
3603,4.8269076
3604,4.8269076
3605,5.611736
3606,5.611736
3607,5.673282
3608,4.2017016
3609,4.2017016
3610,4.2017016
3611,4.2017016
3612,4.98653
3613,4.98653
3614,5.048076
3615,4.2017016
3616,68.048996
3617,68.048996
3618,68.048996
3619,68.048996
3620,61.85974
3621,47.679295
3622,67.589455
3623,4.850802
3624,4.850802
3625,4.850802
3626,8.429892
3627,8.429892
3628,8.491439
3629,4.8269076
3630,4.8269076
3631,4.8269076
3632,4.8269076
3633,5.611736
3634,5.611736
3635,5.673282
3636,4.8269076
3637,4.2017016
3638,4.2017016
3639,4.2017016
3640,4.98653
3641,4.98653
3642,5.048076
3643,4.2017016
3644,114.2996
3645,108.220634
3646,108.220634
3647,103.24687
3648,97.057556
3649,61.832554
3650,71.35422
3651,3.8941653
3652,3.8941653
3653,3.8941653
3654,7.473249
3655,7.473249
3656,7.5347953
3657,2.8209696
3658,2.8209696
3659,2.8209696
3660,2.8209696
3661,3.6057973
3662,3.6057973
3663,3.6673439
3664,2.8209696
3665,4.8269076
3666,4.8269076
3667,4.8269076
3668,5.611736
3669,5.611736
3670,7.2598853
3671,6.413511
3672,68.048996
3673,68.048996
3674,68.048996
3675,68.048996
3676,61.85974
3677,47.679295
3678,50.10945
3679,5.476008
3680,5.476008
3681,5.476008
3682,9.055098
3683,9.055098
3684,10.558536
3685,4.2017016
3686,4.2017016
3687,4.2017016
3688,4.2017016
3689,5.611736
3690,5.611736
3691,5.673282
3692,4.2017016
3693,4.8269076
3694,4.8269076
3695,4.2017016
3696,4.98653
3697,4.98653
3698,3.6673439
3699,2.8209696
3700,68.048996
3701,68.048996
3702,68.048996
3703,68.048996
3704,61.85974
3705,47.679295
3706,67.589455
3707,3.4700675
3708,3.4700675
3709,3.4700675
3710,7.049151
3711,7.049151
3712,7.1106973
3713,4.2017016
3714,4.2017016
3715,4.2017016
3716,4.2017016
3717,4.98653
3718,4.98653
3719,5.048076
3720,4.2017016
3721,2.8209696
3722,2.8209696
3723,4.2017016
3724,4.98653
3725,4.98653
3726,5.048076
3727,4.2017016
3728,85.37008
3729,81.80556
3730,81.80556
3731,81.80556
3732,75.61624
3733,51.469326
3734,58.403553
3735,4.850802
3736,4.850802
3737,4.850802
3738,8.429892
3739,8.429892
3740,8.491439
3741,4.8269076
3742,4.2017016
3743,4.2017016
3744,4.2017016
3745,4.98653
3746,4.98653
3747,5.048076
3748,4.8269076
3749,4.8269076
3750,4.8269076
3751,4.2017016
3752,4.98653
3753,4.98653
3754,5.048076
3755,4.2017016
3756,89.09358
3757,85.52906
3758,85.52906
3759,85.52906
3760,79.339745
3761,47.679295
3762,50.10945
3763,3.4700675
3764,3.4700675
3765,3.4700675
3766,7.049151
3767,7.049151
3768,7.7359033
3769,4.2017016
3770,-2.287466
3771,4.8269076
3772,-2.287466
3773,4.98653
3774,5.611736
3775,-0.81588584
3776,4.8269076
3777,4.8269076
3778,17.399496
3779,1.4705722
3780,5.611736
3781,5.611736
3782,8.114476
3783,6.413511
3784,123.87965
3785,115.671196
3786,156.74948
3787,154.7405
3788,107.30538
3789,127.6258
3790,61.13262
3791,6.92178
3792,4.2017016
3793,4.2017016
3794,4.98653
3795,4.98653
3796,2.90984
3797,2.8209696
3798,2.8209696
3799,2.8209696
3800,2.8209696
3801,3.6057973
3802,3.6057973
3803,3.6673439
3804,2.8209696
3805,2.8209696
3806,2.8209696
3807,4.8269076
3808,5.611736
3809,5.611736
3810,5.673282
3811,4.8269076
3812,89.09358
3813,85.52906
3814,85.52906
3815,85.52906
3816,79.339745
3817,47.679295
3818,50.10945
3819,3.4700675
3820,3.4700675
3821,3.4700675
3822,7.049151
3823,7.049151
3824,7.1106973
3825,2.8209696
3826,2.8209696
3827,2.8209696
3828,2.8209696
3829,3.6057973
3830,3.6057973
3831,4.2925477
3832,2.8209696
3833,4.2017016
3834,4.2017016
3835,4.2017016
3836,3.6057973
3837,3.6057973
3838,3.6673439
3839,2.8209696
3840,97.85737
3841,92.883606
3842,92.883606
3843,89.319084
3844,83.12977
3845,51.469326
3846,43.51095
3847,3.4700675
3848,3.4700675
3849,3.4700675
3850,7.049151
3851,7.049151
3852,7.1106973
3853,2.8209696
3854,2.8209696
3855,2.8209696
3856,2.8209696
3857,3.6057973
3858,4.2310014
3859,4.2925477
3860,2.8209696
3861,2.8209696
3862,2.8209696
3863,4.8269076
3864,4.98653
3865,4.98653
3866,5.048076
3867,2.8209696
3868,68.048996
3869,68.048996
3870,68.048996
3871,68.048996
3872,61.85974
3873,47.679295
3874,67.589455
3875,3.4700675
3876,3.4700675
3877,3.4700675
3878,7.049151
3879,7.049151
3880,7.1106973
3881,4.8269076
3882,4.8269076
3883,4.8269076
3884,4.8269076
3885,5.611736
3886,5.611736
3887,5.673282
3888,4.2017016
3889,4.8269076
3890,4.8269076
3891,4.8269076
3892,4.98653
3893,4.98653
3894,5.048076
3895,4.2017016
3896,91.778404
3897,91.778404
3898,91.778404
3899,86.80464
3900,80.615326
3901,72.513855
3902,60.99095
3903,1.8882257
3904,1.8882257
3905,1.8882257
3906,5.4673095
3907,5.4673095
3908,5.528856
3909,4.2017016
3910,4.2017016
3911,4.2017016
3912,4.2017016
3913,4.98653
3914,4.98653
3915,5.048076
3916,4.8269076
3917,2.8209696
3918,2.8209696
3919,2.8209696
3920,4.98653
3921,5.611736
3922,5.673282
3923,4.8269076
3924,89.09358
3925,85.52906
3926,89.09358
3927,85.52906
3928,79.339745
3929,47.679295
3930,50.10945
3931,5.476008
3932,5.476008
3933,5.476008
3934,9.055098
3935,9.055098
3936,9.116645
3937,4.2017016
3938,4.2017016
3939,4.2017016
3940,4.2017016
3941,5.611736
3942,5.611736
3943,5.673282
3944,4.2017016
3945,4.8269076
3946,4.8269076
3947,4.8269076
3948,5.611736
3949,5.611736
3950,5.673282
3951,4.8269076
3952,68.048996
3953,68.048996
3954,68.048996
3955,68.048996
3956,61.85974
3957,47.679295
3958,50.10945
3959,3.4700675
3960,3.4700675
3961,3.4700675
3962,7.049151
3963,7.049151
3964,7.1106973
3965,2.8209696
3966,2.8209696
3967,2.8209696
3968,2.8209696
3969,3.6057973
3970,3.6057973
3971,3.6673439
3972,2.8209696
3973,2.8209696
3974,2.8209696
3975,2.8209696
3976,3.6057973
3977,3.6057973
3978,3.6673439
3979,2.8209696
3980,55.945847
3981,55.945847
3982,55.945847
3983,55.945847
3984,49.75654
3985,35.57609
3986,38.00625
3987,3.4700675
3988,3.4700675
3989,3.4700675
3990,7.049151
3991,7.049151
3992,7.1106973
3993,6.413511
3994,6.413511
3995,6.413511
3996,6.413511
3997,7.198339
3998,7.198339
3999,7.2598853
4000,6.413511
4001,5.788305
4002,3.0571756
4003,3.0571756
4004,7.198339
4005,7.198339
4006,7.2598853
4007,6.413511
4008,91.778404
4009,91.778404
4010,100.73207
4011,83.24012
4012,77.050804
4013,62.8704
4014,69.80459
4015,4.8555617
4016,4.8555617
4017,3.2689595
4018,6.848043
4019,6.848043
4020,7.5347953
4021,2.8209696
4022,2.8209696
4023,2.8209696
4024,2.8209696
4025,3.6057973
4026,3.6057973
4027,3.6673439
4028,2.8209696
4029,2.8209696
4030,2.8209696
4031,4.8269076
4032,5.611736
4033,5.611736
4034,7.2598853
4035,4.8269076
4036,47.012184
4037,47.012184
4038,47.012184
4039,47.012184
4040,40.82287
4041,26.642406
4042,29.072565
4043,3.4700675
4044,3.4700675
4045,3.4700675
4046,7.049151
4047,7.049151
4048,7.1106973
4049,4.8269076
4050,4.8269076
4051,4.8269076
4052,4.8269076
4053,5.611736
4054,5.611736
4055,5.673282
4056,4.2017016
4057,4.2017016
4058,2.8209696
4059,2.8209696
4060,3.6057973
4061,3.6057973
4062,3.6673439
4063,2.8209696
4064,75.40354
4065,75.40354
4066,80.377304
4067,80.377304
4068,74.18799
4069,60.0076
4070,71.37948
4071,1.8882257
4072,1.8882257
4073,1.8882257
4074,5.4673095
4075,5.4673095
4076,5.528856
4077,4.8269076
4078,4.8269076
4079,4.8269076
4080,4.8269076
4081,5.611736
4082,5.611736
4083,5.048076
4084,4.2017016
4085,4.8269076
4086,4.2017016
4087,4.2017016
4088,4.98653
4089,5.611736
4090,5.048076
4091,4.2017016
4092,80.377304
4093,80.377304
4094,80.377304
4095,80.377304
4096,69.214226
4097,72.513855
4098,60.99095
4099,3.8941653
4100,3.8941653
4101,3.8941653
4102,7.473249
4103,7.473249
4104,6.9095893
4105,2.183408
4106,2.183408
4107,2.183408
4108,2.183408
4109,2.9682364
4110,3.593441
4111,3.6549876
4112,2.183408
4113,2.183408
4114,2.183408
4115,2.183408
4116,2.9682364
4117,2.9682364
4118,3.029783
4119,2.183408
4120,55.945847
4121,55.945847
4122,55.945847
4123,55.945847
4124,49.75654
4125,35.57609
4126,55.48632
4127,2.8325071
4128,2.8325071
4129,2.8325071
4130,6.41159
4131,6.41159
4132,6.4731364
4133,2.183408
4134,2.183408
4135,2.183408
4136,2.183408
4137,2.9682364
4138,2.9682364
4139,3.6549876
4140,2.183408
4141,2.183408
4142,2.183408
4143,2.183408
4144,2.9682364
4145,2.9682364
4146,3.029783
4147,3.5641422
4148,55.945847
4149,55.945847
4150,55.945847
4151,55.945847
4152,49.75654
4153,35.57609
4154,38.00625
4155,1.250665
4156,1.250665
4157,1.250665
4158,4.8297486
4159,4.8297486
4160,4.891295
4161,4.2017016
4162,4.8269076
4163,4.8269076
4164,4.8269076
4165,5.611736
4166,5.611736
4167,5.673282
4168,4.2017016
4169,4.2017016
4170,4.2017016
4171,4.2017016
4172,4.98653
4173,4.98653
4174,5.048076
4175,4.2017016
4176,53.878754
4177,53.878754
4178,53.878754
4179,53.878754
4180,47.689438
4181,33.50899
4182,55.48632
4183,4.850802
4184,4.850802
4185,4.850802
4186,8.429892
4187,8.429892
4188,8.491439
4189,4.2017016
4190,4.2017016
4191,4.2017016
4192,4.2017016
4193,4.98653
4194,4.98653
4195,5.048076
4196,4.2017016
4197,4.8269076
4198,6.413511
4199,6.413511
4200,7.198339
4201,7.198339
4202,7.2598853
4203,6.413511
4204,97.85737
4205,97.85737
4206,91.778404
4207,91.778404
4208,85.58909
4209,53.928635
4210,37.431984
4211,6.437403
4212,4.850802
4213,4.850802
4214,8.429892
4215,8.429892
4216,8.491439
4217,6.413511
4218,6.413511
4219,6.413511
4220,6.413511
4221,7.198339
4222,6.573133
4223,6.6346793
4224,5.788305
4225,4.2017016
4226,4.2017016
4227,6.413511
4228,7.198339
4229,7.198339
4230,7.2598853
4231,6.413511
4232,68.048996
4233,68.048996
4234,68.048996
4235,71.61352
4236,61.85974
4237,65.15932
4238,50.10945
4239,5.788305
4240,5.788305
4241,4.2017016
4242,4.98653
4243,4.98653
4244,5.048076
4245,4.8269076
4246,4.8269076
4247,4.8269076
4248,4.8269076
4249,5.611736
4250,5.611736
4251,5.673282
4252,4.8269076
4253,4.8269076
4254,4.8269076
4255,4.8269076
4256,5.611736
4257,7.198339
4258,7.2598853
4259,4.8269076
4260,114.2996
4261,114.2996
4262,109.325836
4263,109.325836
4264,108.11028
4265,71.47601
4266,87.82171
4267,3.2689595
4268,3.2689595
4269,3.2689595
4270,6.848043
4271,6.848043
4272,7.5347953
4273,2.8209696
4274,2.8209696
4275,2.8209696
4276,2.8209696
4277,3.6057973
4278,3.6057973
4279,3.6673439
4280,2.8209696
4281,2.8209696
4282,2.8209696
4283,2.8209696
4284,3.6057973
4285,3.6057973
4286,3.6673439
4287,2.8209696
4288,71.61352
4289,76.58728
4290,71.61352
4291,71.61352
4292,65.42424
4293,47.679295
4294,50.10945
4295,2.8209696
4296,2.8209696
4297,2.8209696
4298,3.6057973
4299,3.6057973
4300,3.6673439
4301,2.8209696
4302,2.8209696
4303,2.8209696
4304,2.8209696
4305,3.6057973
4306,3.6057973
4307,4.2925477
4308,3.4461737
4309,2.8209696
4310,4.8269076
4311,4.2017016
4312,3.6057973
4313,3.6057973
4314,3.6673439
4315,2.8209696
4316,61.970066
4317,61.970066
4318,65.534584
4319,61.970066
4320,55.780777
4321,41.60033
4322,39.720917
4323,3.2689595
4324,3.2689595
4325,3.2689595
4326,6.848043
4327,6.848043
4328,7.5347953
4329,2.8209696
4330,2.8209696
4331,2.8209696
4332,2.8209696
4333,3.6057973
4334,3.6057973
4335,3.6673439
4336,3.4461737
4337,2.8209696
4338,2.8209696
4339,4.8269076
4340,5.611736
4341,5.611736
4342,5.673282
4343,4.8269076
4344,114.2996
4345,114.2996
4346,108.220634
4347,103.24687
4348,93.493034
4349,61.832554
4350,68.76675
4351,3.4700675
4352,3.4700675
4353,3.4700675
4354,7.049151
4355,7.049151
4356,7.7359033
4357,4.189346
4358,4.189346
4359,4.189346
4360,4.189346
4361,4.974174
4362,4.974174
4363,5.0357203
4364,3.5641422
4365,3.5641422
4366,3.5641422
4367,3.5641422
4368,2.9682364
4369,4.348969
4370,3.029783
4371,2.183408
4372,41.477715
4373,41.477715
4374,41.477715
4375,41.51056
4376,35.288403
4377,21.107939
4378,31.051638
4379,2.8325071
4380,2.8325071
4381,2.8325071
4382,6.41159
4383,6.41159
4384,6.4731364
4385,4.8269076
4386,4.8269076
4387,4.8269076
4388,4.8269076
4389,5.611736
4390,5.611736
4391,5.673282
4392,4.8269076
4393,4.2017016
4394,4.2017016
4395,6.413511
4396,7.198339
4397,5.611736
4398,5.673282
4399,4.8269076
4400,138.14214
4401,132.06319
4402,132.06319
4403,132.06319
4404,120.90007
4405,106.719635
4406,86.24682
4407,3.2689595
4408,3.2689595
4409,3.2689595
4410,6.848043
4411,6.848043
4412,7.5347953
4413,2.8209696
4414,2.8209696
4415,2.8209696
4416,2.8209696
4417,3.6057973
4418,3.6057973
4419,3.6673439
4420,2.8209696
4421,2.8209696
4422,2.8209696
4423,2.8209696
4424,3.6057973
4425,3.6057973
4426,3.6673439
4427,2.8209696
4428,68.048996
4429,68.048996
4430,68.048996
4431,68.048996
4432,61.85974
4433,47.679295
4434,50.10945
4435,1.8882257
4436,1.8882257
4437,1.8882257
4438,5.4673095
4439,5.4673095
4440,5.528856
4441,4.2017016
4442,4.2017016
4443,4.2017016
4444,4.2017016
4445,4.98653
4446,4.98653
4447,5.048076
4448,4.8269076
4449,4.8269076
4450,4.8269076
4451,4.8269076
4452,5.611736
4453,5.611736
4454,5.673282
4455,4.8269076
4456,92.883606
4457,92.883606
4458,92.883606
4459,89.319084
4460,83.12977
4461,51.469326
4462,58.403553
4463,5.476008
4464,5.476008
4465,5.476008
4466,9.055098
4467,9.055098
4468,9.116645
4469,4.2017016
4470,4.2017016
4471,4.2017016
4472,4.8269076
4473,5.611736
4474,5.611736
4475,5.673282
4476,4.2017016
4477,4.8269076
4478,4.8269076
4479,4.8269076
4480,4.98653
4481,3.6057973
4482,5.048076
4483,4.2017016
4484,55.945847
4485,55.945847
4486,55.945847
4487,55.945847
4488,49.75654
4489,53.056164
4490,55.48632
4491,3.4700675
4492,3.4700675
4493,3.4700675
4494,7.049151
4495,7.049151
4496,7.1106973
4497,4.2017016
4498,4.2017016
4499,4.2017016
4500,4.2017016
4501,4.98653
4502,4.98653
4503,5.673282
4504,4.8269076
4505,4.2017016
4506,0.8453664
4507,0.8453664
4508,4.98653
4509,4.98653
4510,5.048076
4511,4.2017016
4512,132.06319
4513,132.06319
4514,135.28719
4515,135.28719
4516,124.12406
4517,97.43732
4518,68.76675
4519,4.850802
4520,4.850802
4521,4.850802
4522,8.429892
4523,8.429892
4524,9.116645
4525,2.8209696
4526,2.8209696
4527,2.8209696
4528,2.8209696
4529,3.6057973
4530,3.6057973
4531,3.6673439
4532,3.4461737
4533,2.8209696
4534,2.8209696
4535,2.8209696
4536,3.6057973
4537,3.6057973
4538,3.6673439
4539,2.8209696
4540,127.089386
4541,127.089386
4542,127.089386
4543,99.68235
4544,93.493034
4545,61.832554
4546,53.874146
4547,3.4700675
4548,3.4700675
4549,3.4700675
4550,7.049151
4551,7.049151
4552,7.7359033
4553,4.8269076
4554,4.8269076
4555,4.8269076
4556,4.8269076
4557,5.611736
4558,5.611736
4559,5.673282
4560,4.8269076
4561,4.2017016
4562,6.413511
4563,6.413511
4564,7.198339
4565,7.198339
4566,7.2598853
4567,6.413511
4568,108.220634
4569,108.220634
4570,108.220634
4571,108.220634
4572,102.03132
4573,70.37081
4574,86.24682
4575,4.8555617
4576,3.2689595
4577,3.2689595
4578,6.848043
4579,6.848043
4580,7.5347953
4581,2.8209696
4582,2.8209696
4583,2.8209696
4584,2.8209696
4585,3.6057973
4586,3.6057973
4587,3.6673439
4588,2.8209696
4589,2.8209696
4590,2.8209696
4591,2.8209696
4592,3.6057973
4593,3.6057973
4594,3.6673439
4595,2.8209696
4596,80.377304
4597,80.377304
4598,80.377304
4599,71.83903
4600,65.64975
4601,51.469326
4602,53.899483
4603,1.8882257
4604,1.8882257
4605,1.8882257
4606,5.4673095
4607,5.4673095
4608,5.528856
4609,2.8209696
4610,2.8209696
4611,2.8209696
4612,2.8209696
4613,3.6057973
4614,3.6057973
4615,3.6673439
4616,2.8209696
4617,4.8269076
4618,4.8269076
4619,4.8269076
4620,5.611736
4621,5.611736
4622,5.673282
4623,4.8269076
4624,55.945847
4625,55.945847
4626,55.945847
4627,55.945847
4628,49.75654
4629,35.57609
4630,38.00625
4631,5.476008
4632,5.476008
4633,5.476008
4634,9.055098
4635,9.055098
4636,8.491439
4637,1.6607416
4638,1.6607416
4639,1.6607416
4640,1.6607416
4641,2.44557
4642,2.44557
4643,2.5071166
4644,1.6607416
4645,1.6607416
4646,1.6607416
4647,1.6607416
4648,2.44557
4649,2.44557
4650,2.5071166
4651,1.6607416
4652,33.863205
4653,33.863205
4654,33.863205
4655,33.863205
4656,27.67389
4657,13.493455
4658,15.923603
4659,2.3098402
4660,2.3098402
4661,2.3098402
4662,5.888923
4663,5.888923
4664,5.9504695
4665,2.8209696
4666,2.8209696
4667,2.8209696
4668,2.8209696
4669,3.6057973
4670,3.6057973
4671,3.6673439
4672,2.8209696
4673,2.8209696
4674,4.8269076
4675,4.2017016
4676,4.98653
4677,3.6057973
4678,5.048076
4679,4.8269076
4680,109.325836
4681,105.761314
4682,105.761314
4683,105.761314
4684,99.572
4685,67.91149
4686,70.34164
4687,4.850802
4688,4.850802
4689,4.850802
4690,8.429892
4691,8.429892
4692,8.491439
4693,2.8209696
4694,2.8209696
4695,2.8209696
4696,2.8209696
4697,3.6057973
4698,3.6057973
4699,3.6673439
4700,2.8209696
4701,2.8209696
4702,2.8209696
4703,2.8209696
4704,3.6057973
4705,3.6057973
4706,3.6673439
4707,2.8209696
4708,68.048996
4709,68.048996
4710,68.048996
4711,68.048996
4712,61.85974
4713,47.679295
4714,50.10945
4715,1.8882257
4716,1.8882257
4717,1.8882257
4718,5.4673095
4719,5.4673095
4720,5.528856
4721,2.8209696
4722,2.8209696
4723,2.8209696
4724,2.8209696
4725,3.6057973
4726,3.6057973
4727,3.6673439
4728,3.4461737
4729,2.8209696
4730,2.8209696
4731,2.8209696
4732,3.6057973
4733,3.6057973
4734,3.6673439
4735,2.8209696
4736,85.52906
4737,85.52906
4738,85.52906
4739,85.52906
4740,79.339745
4741,47.679295
4742,50.10945
4743,1.8882257
4744,1.8882257
4745,1.8882257
4746,5.4673095
4747,5.4673095
4748,6.15406
4749,4.8269076
4750,4.8269076
4751,4.8269076
4752,4.8269076
4753,5.611736
4754,5.611736
4755,5.673282
4756,4.2017016
4757,4.2017016
4758,4.2017016
4759,4.2017016
4760,4.98653
4761,4.98653
4762,5.048076
4763,4.2017016
4764,78.01553
4765,78.01553
4766,78.01553
4767,78.01553
4768,71.82622
4769,47.679295
4770,67.589455
4771,4.850802
4772,4.850802
4773,4.850802
4774,8.429892
4775,8.429892
4776,8.491439
4777,2.183408
4778,2.183408
4779,2.183408
4780,2.183408
4781,2.9682364
4782,2.9682364
4783,3.029783
4784,2.183408
4785,2.183408
4786,2.183408
4787,2.183408
4788,2.9682364
4789,2.9682364
4790,3.029783
4791,2.183408
4792,55.945847
4793,55.945847
4794,55.945847
4795,55.945847
4796,49.75654
4797,35.57609
4798,38.00625
4799,1.250665
4800,1.250665
4801,1.250665
4802,4.8297486
4803,4.8297486
4804,4.891295
4805,2.8209696
4806,2.8209696
4807,2.8209696
4808,2.8209696
4809,3.6057973
4810,3.6057973
4811,3.6673439
4812,2.8209696
4813,2.8209696
4814,2.8209696
4815,2.8209696
4816,3.6057973
4817,3.6057973
4818,3.6673439
4819,2.8209696
4820,68.048996
4821,68.048996
4822,68.048996
4823,68.048996
4824,61.85974
4825,47.679295
4826,50.10945
4827,3.4700675
4828,3.4700675
4829,3.4700675
4830,7.049151
4831,7.049151
4832,7.1106973
4833,2.183408
4834,2.183408
4835,2.183408
4836,2.183408
4837,2.9682364
4838,2.9682364
4839,3.029783
4840,2.183408
4841,2.183408
4842,2.183408
4843,2.183408
4844,2.9682364
4845,2.9682364
4846,3.029783
4847,2.183408
4848,28.501066
4849,28.501066
4850,28.501066
4851,28.501066
4852,22.311754
4853,8.131317
4854,15.0655365
4855,2.183408
4856,2.183408
4857,2.183408
4858,2.9682364
4859,2.9682364
4860,3.029783
4861,4.2017016
4862,4.2017016
4863,-2.287466
4864,4.2017016
4865,4.98653
4866,4.98653
4867,5.048076
4868,4.8269076
4869,2.8209696
4870,-0.5353671
4871,-0.5353671
4872,3.6057973
4873,3.6057973
4874,3.6673439
4875,2.8209696
4876,145.55049
4877,139.47154
4878,142.69554
4879,111.444626
4880,146.79904
4881,106.60026
4882,113.534454
4883,3.4700675
4884,3.4700675
4885,3.4700675
4886,7.049151
4887,7.049151
4888,8.590495
4889,4.2017016
4890,4.2017016
4891,4.2017016
4892,4.2017016
4893,5.611736
4894,5.611736
4895,5.048076
4896,4.8269076
4897,4.2017016
4898,2.8209696
4899,4.2017016
4900,3.6057973
4901,3.6057973
4902,3.6673439
4903,4.2017016
4904,135.28719
4905,132.06319
4906,135.28719
4907,111.444626
4908,102.03132
4909,87.85088
4910,86.24682
4911,5.4966846
4912,4.850802
4913,4.850802
4914,8.429892
4915,8.429892
4916,9.116645
4917,4.2017016
4918,4.2017016
4919,4.2017016
4920,4.2017016
4921,5.611736
4922,5.611736
4923,5.673282
4924,4.2017016
4925,4.2017016
4926,4.2017016
4927,4.2017016
4928,3.6057973
4929,4.98653
4930,3.6673439
4931,4.2017016
4932,68.048996
4933,71.61352
4934,71.61352
4935,68.048996
4936,61.85974
4937,47.679295
4938,67.589455
4939,1.8882257
4940,1.8882257
4941,1.8882257
4942,5.4673095
4943,5.4673095
4944,5.528856
4945,2.8209696
4946,2.8209696
4947,2.8209696
4948,2.8209696
4949,3.6057973
4950,3.6057973
4951,3.6673439
4952,2.8209696
4953,2.8209696
4954,2.8209696
4955,2.8209696
4956,3.6057973
4957,3.6057973
4958,3.6673439
4959,2.8209696
4960,55.945847
4961,55.945847
4962,55.945847
4963,55.945847
4964,49.75654
4965,35.57609
4966,38.00625
4967,1.8882257
4968,1.8882257
4969,1.8882257
4970,5.4673095
4971,5.4673095
4972,5.528856
4973,4.2017016
4974,4.2017016
4975,4.2017016
4976,4.2017016
4977,4.98653
4978,4.98653
4979,5.048076
4980,4.8269076
4981,4.8269076
4982,4.8269076
4983,4.8269076
4984,5.611736
4985,5.611736
4986,7.2598853
4987,6.413511
4988,91.778404
4989,91.778404
4990,91.778404
4991,91.778404
4992,77.050804
4993,45.39036
4994,52.32459
4995,4.850802
4996,4.850802
4997,4.850802
4998,8.429892
4999,9.055098
5000,9.116645
5001,2.254724
5002,2.254724
5003,2.254724
5004,2.254724
5005,3.0395517
5006,3.0395517
5007,3.0395517
5008,2.879928
5009,4.260662
5010,4.260662
5011,4.260662
5012,5.0454903
5013,5.0454903
5014,5.0454903
5015,3.6354566
5016,97.29112
5017,92.31736
5018,92.31736
5019,88.75284
5020,86.128044
5021,62.396408
5022,57.837307
5023,4.2845564
5024,4.2845564
5025,4.2845564
5026,7.863646
5027,7.863646
5028,8.4888525
5029,3.6354566
5030,3.6354566
5031,3.6354566
5032,4.260662
5033,5.0454903
5034,5.0454903
5035,5.0454903
5036,4.260662
5037,4.260662
5038,4.260662
5039,5.8472652
5040,6.6320934
5041,6.6320934
5042,6.6320934
5043,5.8472652
5044,84.962814
5045,84.962814
5046,84.962814
5047,84.962814
5048,78.7735
5049,50.068104
5050,71.52728
5051,4.2845564
5052,4.2845564
5053,4.2845564
5054,7.863646
5055,7.863646
5056,8.4888525
5057,2.254724
5058,2.254724
5059,2.254724
5060,2.254724
5061,3.0395517
5062,3.0395517
5063,3.0395517
5064,2.254724
5065,2.254724
5066,3.6354566
5067,3.6354566
5068,4.4202843
5069,4.4202843
5070,4.4202843
5071,3.6354566
5072,67.48275
5073,67.48275
5074,67.48275
5075,67.48275
5076,61.293495
5077,50.068104
5078,49.543205
5079,2.702714
5080,2.702714
5081,2.702714
5082,6.2817974
5083,6.2817974
5084,6.2817974
5085,3.6354566
5086,3.6354566
5087,3.6354566
5088,3.6354566
5089,4.4202843
5090,4.4202843
5091,4.4202843
5092,4.260662
5093,4.260662
5094,4.260662
5095,5.8472652
5096,6.6320934
5097,6.6320934
5098,6.6320934
5099,5.8472652
5100,67.48275
5101,67.48275
5102,67.48275
5103,67.48275
5104,61.293495
5105,50.068104
5106,49.543205
5107,5.8711576
5108,5.8711576
5109,4.2845564
5110,7.863646
5111,7.863646
5112,8.4888525
5113,2.254724
5114,2.254724
5115,2.254724
5116,2.254724
5117,3.0395517
5118,3.0395517
5119,3.0395517
5120,2.879928
5121,2.254724
5122,2.254724
5123,2.254724
5124,3.0395517
5125,3.0395517
5126,3.0395517
5127,2.254724
5128,97.29112
5129,91.21216
5130,86.238396
5131,92.31736
5132,82.56352
5133,53.858135
5134,57.837307
5135,2.903822
5136,2.903822
5137,2.903822
5138,6.4829054
5139,6.4829054
5140,7.1081114
5141,3.6354566
5142,3.6354566
5143,3.6354566
5144,3.6354566
5145,4.4202843
5146,4.4202843
5147,4.4202843
5148,4.260662
5149,4.260662
5150,4.260662
5151,4.260662
5152,5.0454903
5153,5.0454903
5154,5.0454903
5155,4.260662
5156,88.527336
5157,84.962814
5158,88.527336
5159,84.962814
5160,78.7735
5161,50.068104
5162,54.047276
5163,4.2845564
5164,4.2845564
5165,4.2845564
5166,8.4888525
5167,8.4888525
5168,8.4888525
5169,3.6354566
5170,3.6354566
5171,3.6354566
5172,3.6354566
5173,4.4202843
5174,4.4202843
5175,5.0454903
5176,4.260662
5177,4.260662
5178,0.90432686
5179,36.728706
5180,57.373203
5181,57.373203
5182,47.750744
5183,46.965916
5184,164.27948
5185,168.82677
5186,119.83205
5187,116.608055
5188,101.46507
5189,72.75961
5190,68.2005
5191,42.537056
5192,32.57052
5193,32.57052
5194,36.060432
5195,39.411976
5196,51.213196
5197,2.254724
5198,2.254724
5199,2.254724
5200,2.254724
5201,3.0395517
5202,3.0395517
5203,3.0395517
5204,2.254724
5205,2.254724
5206,4.260662
5207,3.6354566
5208,3.0395517
5209,4.4202843
5210,5.0454903
5211,4.260662
5212,67.48275
5213,67.48275
5214,67.48275
5215,67.48275
5216,64.857994
5217,50.068104
5218,49.543205
5219,2.903822
5220,2.903822
5221,2.903822
5222,6.4829054
5223,6.4829054
5224,6.4829054
5225,2.254724
5226,2.254724
5227,2.254724
5228,2.254724
5229,3.0395517
5230,3.6647563
5231,3.0395517
5232,2.254724
5233,2.254724
5234,2.254724
5235,2.254724
5236,3.0395517
5237,3.0395517
5238,3.0395517
5239,2.254724
5240,97.29112
5241,97.29112
5242,97.29112
5243,97.29112
5244,86.128044
5245,79.87642
5246,75.31731
5247,2.903822
5248,2.903822
5249,2.903822
5250,6.4829054
5251,6.4829054
5252,6.4829054
5253,3.6354566
5254,3.6354566
5255,4.260662
5256,4.260662
5257,5.0454903
5258,5.0454903
5259,5.0454903
5260,4.260662
5261,4.260662
5262,4.260662
5263,5.8472652
5264,6.6320934
5265,6.6320934
5266,6.6320934
5267,4.260662
5268,113.73335
5269,113.73335
5270,107.65439
5271,107.65439
5272,101.46507
5273,72.75961
5274,85.68057
5275,4.2845564
5276,4.2845564
5277,4.2845564
5278,8.4888525
5279,7.863646
5280,8.4888525
5281,3.6354566
5282,3.6354566
5283,3.6354566
5284,3.6354566
5285,4.4202843
5286,4.4202843
5287,4.4202843
5288,4.260662
5289,3.6354566
5290,4.260662
5291,4.260662
5292,5.0454903
5293,5.0454903
5294,5.0454903
5295,4.260662
5296,113.73335
5297,107.65439
5298,107.65439
5299,102.680626
5300,92.92679
5301,72.75961
5302,68.2005
5303,4.2845564
5304,4.2845564
5305,4.2845564
5306,7.863646
5307,7.863646
5308,8.4888525
5309,3.6354566
5310,3.6354566
5311,4.260662
5312,4.260662
5313,5.0454903
5314,5.0454903
5315,5.0454903
5316,3.6354566
5317,3.6354566
5318,2.254724
5319,2.254724
5320,3.0395517
5321,3.0395517
5322,3.0395517
5323,2.254724
5324,88.527336
5325,86.460236
5326,91.434
5327,91.434
5328,85.24468
5329,69.04553
5330,67.02321
5331,3.3279195
5332,3.3279195
5333,3.3279195
5334,6.2817974
5335,6.2817974
5336,6.2817974
5337,2.3750806
5338,2.3750806
5339,3.0002866
5340,3.0002866
5341,3.7851148
5342,3.7851148
5343,3.7851148
5344,3.0002866
5345,0.9943481
5346,0.9943481
5347,0.9943481
5348,1.7791761
5349,3.1599083
5350,3.1599083
5351,2.3750806
5352,91.056984
5353,91.056984
5354,91.056984
5355,91.056984
5356,84.86767
5357,56.16227
5358,74.05693
5359,3.0241804
5360,3.0241804
5361,3.0241804
5362,6.6032696
5363,6.6032696
5364,7.2284756
5365,3.0002866
5366,3.0002866
5367,3.0002866
5368,3.0002866
5369,3.7851148
5370,3.1599083
5371,3.7851148
5372,2.3750806
5373,3.0002866
5374,3.0002866
5375,4.5868893
5376,5.3717175
5377,5.3717175
5378,5.3717175
5379,4.5868893
5380,66.22239
5381,66.22239
5382,66.22239
5383,66.22239
5384,60.03312
5385,48.807728
5386,48.28283
5387,3.0241804
5388,3.0241804
5389,3.0241804
5390,6.6032696
5391,6.6032696
5392,6.6032696
5393,0.9943481
5394,0.9943481
5395,0.9943481
5396,0.9943481
5397,1.7791761
5398,1.7791761
5399,1.7791761
5400,1.6195525
5401,0.9943481
5402,0.9943481
5403,0.9943481
5404,1.7791761
5405,1.7791761
5406,1.7791761
5407,2.3750806
5408,83.70244
5409,83.70244
5410,83.70244
5411,83.70244
5412,77.51312
5413,48.807728
5414,52.7869
5415,1.6434463
5416,1.6434463
5417,1.6434463
5418,5.2225294
5419,5.2225294
5420,5.8477354
5421,2.3750806
5422,2.3750806
5423,2.3750806
5424,2.3750806
5425,3.1599083
5426,3.1599083
5427,3.7851148
5428,3.0002866
5429,0.9943481
5430,0.9943481
5431,0.9943481
5432,1.7791761
5433,3.1599083
5434,1.7791761
5435,2.3750806
5436,83.70244
5437,83.70244
5438,83.70244
5439,83.70244
5440,77.51312
5441,48.807728
5442,52.7869
5443,1.6434463
5444,1.6434463
5445,1.6434463
5446,5.2225294
5447,5.2225294
5448,5.8477354
5449,0.9943481
5450,0.9943481
5451,0.9943481
5452,0.9943481
5453,1.7791761
5454,1.7791761
5455,1.7791761
5456,1.6195525
5457,3.0002866
5458,3.0002866
5459,4.5868893
5460,5.3717175
5461,5.3717175
5462,5.3717175
5463,4.5868893
5464,83.70244
5465,83.70244
5466,83.70244
5467,83.70244
5468,77.51312
5469,48.807728
5470,52.7869
5471,5.2359867
5472,5.2359867
5473,3.649387
5474,7.2284756
5475,7.2284756
5476,7.2284756
5477,0.9943481
5478,0.9943481
5479,0.9943481
5480,0.9943481
5481,1.7791761
5482,1.7791761
5483,1.7791761
5484,0.9943481
5485,3.0002866
5486,3.0002866
5487,3.0002866
5488,5.3717175
5489,5.3717175
5490,5.3717175
5491,4.5868893
5492,36.850525
5493,36.850525
5494,36.850525
5495,36.850525
5496,30.6612
5497,19.435808
5498,17.324306
5499,1.442338
5500,1.442338
5501,1.442338
5502,5.0214214
5503,5.0214214
5504,5.0214214
5505,0.9943481
5506,0.9943481
5507,0.9943481
5508,0.9943481
5509,1.7791761
5510,1.7791761
5511,1.7791761
5512,1.6195525
5513,0.9943481
5514,0.9943481
5515,0.9943481
5516,1.7791761
5517,1.7791761
5518,1.7791761
5519,0.9943481
5520,66.22239
5521,66.22239
5522,66.22239
5523,66.22239
5524,60.03312
5525,48.807728
5526,48.28283
5527,1.6434463
5528,1.6434463
5529,1.6434463
5530,5.2225294
5531,5.2225294
5532,5.8477354
5533,0.9943481
5534,0.9943481
5535,0.9943481
5536,0.9943481
5537,1.7791761
5538,1.7791761
5539,1.7791761
5540,1.6195525
5541,0.9943481
5542,0.9943481
5543,0.9943481
5544,1.7791761
5545,1.7791761
5546,1.7791761
5547,0.9943481
5548,87.26696
5549,87.26696
5550,87.26696
5551,83.70244
5552,77.51312
5553,48.807728
5554,52.7869
5555,1.6434463
5556,1.6434463
5557,1.6434463
5558,5.2225294
5559,5.2225294
5560,5.8477354
5561,3.0002866
5562,3.0002866
5563,3.0002866
5564,2.3750806
5565,3.1599083
5566,3.1599083
5567,3.1599083
5568,3.0002866
5569,3.0002866
5570,2.3750806
5571,0.9943481
5572,1.7791761
5573,1.7791761
5574,1.7791761
5575,0.9943481
5576,87.26696
5577,87.26696
5578,87.26696
5579,87.26696
5580,77.51312
5581,48.807728
5582,52.7869
5583,3.649387
5584,3.649387
5585,3.0241804
5586,6.6032696
5587,6.6032696
5588,7.2284756
5589,0.9943481
5590,0.9943481
5591,0.9943481
5592,0.9943481
5593,1.7791761
5594,1.7791761
5595,1.7791761
5596,0.9943481
5597,3.0002866
5598,3.0002866
5599,3.0002866
5600,3.7851148
5601,3.1599083
5602,3.1599083
5603,0.9943481
5604,91.056984
5605,87.49246
5606,87.49246
5607,87.49246
5608,81.30315
5609,52.59776
5610,56.57693
5611,1.6434463
5612,1.6434463
5613,1.6434463
5614,5.2225294
5615,5.2225294
5616,5.2225294
5617,0.9943481
5618,0.9943481
5619,0.9943481
5620,0.9943481
5621,1.7791761
5622,1.7791761
5623,1.7791761
5624,0.9943481
5625,0.9943481
5626,0.9943481
5627,2.3750806
5628,1.7791761
5629,1.7791761
5630,1.7791761
5631,0.9943481
5632,83.70244
5633,83.70244
5634,83.70244
5635,83.70244
5636,77.51312
5637,48.807728
5638,52.7869
5639,1.6434463
5640,1.6434463
5641,1.6434463
5642,5.2225294
5643,5.2225294
5644,5.2225294
5645,0.9943481
5646,0.9943481
5647,0.9943481
5648,0.9943481
5649,1.7791761
5650,1.7791761
5651,1.7791761
5652,0.9943481
5653,0.9943481
5654,0.9943481
5655,3.0002866
5656,3.7851148
5657,3.7851148
5658,3.7851148
5659,3.0002866
5660,34.783432
5661,34.783432
5662,34.783432
5663,34.783432
5664,30.6612
5665,19.435808
5666,17.324306
5667,3.0241804
5668,3.0241804
5669,3.0241804
5670,6.6032696
5671,6.6032696
5672,6.6032696
5673,7.1352196
5674,7.1352196
5675,7.1352196
5676,7.1352196
5677,7.9200487
5678,7.9200487
5679,7.9200487
5680,7.760425
5681,9.141161
5682,42.336807
5683,14.13101
5684,5.3717175
5685,5.3717175
5686,5.3717175
5687,4.5868893
5688,66.22239
5689,66.22239
5690,66.22239
5691,66.22239
5692,60.03312
5693,48.807728
5694,52.7869
5695,4.6107817
5696,9.165056
5697,9.165056
5698,7.2284756
5699,6.6032696
5700,7.2284756
5701,0.9943481
5702,0.9943481
5703,0.9943481
5704,0.9943481
5705,1.7791761
5706,1.7791761
5707,1.7791761
5708,0.9943481
5709,3.0002866
5710,3.0002866
5711,0.9943481
5712,1.7791761
5713,1.7791761
5714,1.7791761
5715,0.9943481
5716,52.05213
5717,52.05213
5718,54.119225
5719,54.119225
5720,47.929916
5721,36.704525
5722,36.179626
5723,1.6434463
5724,1.6434463
5725,1.6434463
5726,5.2225294
5727,5.2225294
5728,5.2225294
5729,0.9943481
5730,0.9943481
5731,0.9943481
5732,0.9943481
5733,1.7791761
5734,1.7791761
5735,1.7791761
5736,0.9943481
5737,0.9943481
5738,3.0002866
5739,3.0002866
5740,3.7851148
5741,3.7851148
5742,3.7851148
5743,3.0002866
5744,36.850525
5745,35.263924
5746,36.850525
5747,36.850525
5748,30.6612
5749,19.435808
5750,17.324306
5751,3.0241804
5752,3.0241804
5753,3.0241804
5754,6.6032696
5755,6.6032696
5756,6.6032696
5757,0.9943481
5758,0.9943481
5759,0.9943481
5760,0.9943481
5761,1.7791761
5762,1.7791761
5763,1.7791761
5764,0.9943481
5765,0.9943481
5766,0.9943481
5767,0.9943481
5768,1.7791761
5769,1.7791761
5770,1.7791761
5771,0.9943481
5772,66.22239
5773,66.22239
5774,66.22239
5775,66.22239
5776,60.03312
5777,48.807728
5778,52.7869
5779,0.061604068
5780,0.061604068
5781,0.061604068
5782,3.6406884
5783,3.6406884
5784,3.6406884
5785,3.1599083
5786,3.1599083
5787,3.1599083
5788,2.3750806
5789,2.3750806
5790,2.3750806
5791,2.3750806
5792,3.1599083
5793,3.1599083
5794,3.1599083
5795,2.3750806
5796,36.206287
5797,36.206287
5798,36.206287
5799,36.206287
5800,30.016973
5801,18.791569
5802,22.770737
5803,1.442338
5804,1.442338
5805,1.442338
5806,5.0214214
5807,5.0214214
5808,5.0214214
5809,2.3750806
5810,2.3750806
5811,2.3750806
5812,3.1599083
5813,3.1599083
5814,3.1599083
5815,2.3750806
5816,36.206287
5817,36.206287
5818,36.206287
5819,36.206287
5820,30.016973
5821,18.791569
5822,22.770737
5823,1.442338
5824,1.442338
5825,1.442338
5826,5.0214214
5827,5.0214214
5828,5.0214214
5829,3.1599083
5830,3.1599083
5831,3.1599083
5832,2.3750806
5833,2.3750806
5834,2.3750806
5835,2.3750806
5836,3.1599083
5837,3.1599083
5838,3.1599083
5839,2.3750806
5840,36.206287
5841,36.206287
5842,36.206287
5843,36.206287
5844,30.016973
5845,18.791569
5846,22.770737
5847,3.0241804
5848,3.0241804
5849,3.0241804
5850,6.6032696
5851,6.6032696
5852,6.6032696
5853,0.35678706
5854,0.35678706
5855,0.35678706
5856,0.35678706
5857,1.141615
5858,1.141615
5859,1.141615
5860,0.35678706
5861,0.35678706
5862,0.35678706
5863,0.35678706
5864,1.141615
5865,1.141615
5866,1.141615
5867,0.35678706
5868,28.088026
5869,28.055182
5870,28.055182
5871,32.559254
5872,26.369934
5873,15.144553
5874,14.619648
5875,-0.5759565
5876,-0.5759565
5877,-0.5759565
5878,3.003127
5879,3.003127
5880,3.003127
5881,0.9943481
5882,0.9943481
5883,0.9943481
5884,0.9943481
5885,1.7791761
5886,1.7791761
5887,1.7791761
5888,0.9943481
5889,3.0002866
5890,3.0002866
5891,3.0002866
5892,3.7851148
5893,3.7851148
5894,3.7851148
5895,3.0002866
5896,81.63534
5897,81.63534
5898,81.63534
5899,81.63534
5900,75.44602
5901,46.74063
5902,52.7869
5903,0.061604068
5904,0.061604068
5905,0.061604068
5906,3.6406884
5907,3.6406884
5908,3.6406884
5909,2.3750806
5910,2.3750806
5911,2.3750806
5912,2.3750806
5913,3.1599083
5914,3.1599083
5915,3.1599083
5916,2.3750806
5917,0.9943481
5918,0.9943481
5919,0.9943481
5920,1.7791761
5921,1.7791761
5922,1.7791761
5923,0.9943481
5924,66.22239
5925,66.22239
5926,66.22239
5927,66.22239
5928,60.03312
5929,48.807728
5930,52.7869
5931,1.6434463
5932,1.6434463
5933,1.6434463
5934,5.2225294
5935,5.2225294
5936,5.2225294
5937,36.206287
5938,30.016973
5939,18.791569
5940,22.770737
5941,3.0241804
5942,3.0241804
5943,3.0241804
5944,6.6032696
5945,6.6032696
5946,6.6032696
5947,6.6032696
5948,6.6032696
5949,6.6032696
5950,36.206287
5951,30.016973
5952,18.791569
5953,22.770737
5954,3.0241804
5955,3.0241804
5956,3.0241804
5957,6.6032696
5958,6.6032696
5959,6.6032696
5960,36.206287
5961,30.016973
5962,18.791569
5963,22.770737
5964,3.0241804
5965,3.0241804
5966,3.0241804
5967,6.6032696
5968,6.6032696
5969,6.6032696
